{"Training/Episode Reward": -13.595252990722656, "_runtime": 711, "_timestamp": 1634889494, "_step": 407, "Training/Total Steps": 6000, "Training/one_step_loss": 3.211150323476484, "Training/n_step_loss": 8.544383297128464, "Training/classification_loss": 1.6139878034591675, "Training/percentage_expert_actions": 0.9899999499320984, "Training/Loss": 16.502352374399262, "Training/Beta": 0.600008}