{"Training/loss": 0.034334730356931686, "Training/recon_loss": 0.03208348527550697, "Training/latent_loss": 0.002251245081424713, "epoch": 0, "trainer/global_step": 7249, "_runtime": 729, "_timestamp": 1634566396, "_step": 796, "Reconstruction": {"_type": "image-file", "path": "media/images/Reconstruction_790_ad98fc50bf2de2cc95c3.png", "sha256": "ad98fc50bf2de2cc95c38f71d39ef321a1fe809d434caf6f14ae47e7b146c89b", "size": 68437, "format": "png", "width": 134, "height": 398}, "_wandb": {"runtime": 731}}