{"Training/Episode Reward": 53.38371419906616, "_runtime": 9353, "_timestamp": 1635176933, "_step": 8567, "Training/Total Steps": 100000, "Training/one_step_loss": 0.325761028241606, "Training/n_step_loss": 1.1231684736658054, "Training/classification_loss": 1.138177514076233, "Training/percentage_expert_actions": 0.7299999594688416, "Training/Loss": 2.6873267934786504, "Training/Beta": 1.0, "_wandb": {"runtime": 9358}}