{"Training/loss": 0.1208249181509018, "Training/recon_loss": 0.11962545663118362, "Training/latent_loss": 0.0011994587257504463, "epoch": 0, "trainer/global_step": 529, "_runtime": 67, "_timestamp": 1633620926, "_step": 57, "Reconstruction": {"_type": "image-file", "path": "media/images/Reconstruction_53_6fc9ed57991f3bb5acb1.png", "sha256": "6fc9ed57991f3bb5acb16f1a6cfc9c2b5308d609e7f2d6187d840b2272299df3", "size": 81897, "format": "png", "width": 134, "height": 398}}