{"Training/loss": 0.09680069983005524, "Training/recon_loss": 0.06873908638954163, "Training/latent_loss": 0.02806161716580391, "epoch": 0, "trainer/global_step": 1449, "_runtime": 177, "_timestamp": 1633621138, "_step": 158, "Reconstruction": {"_type": "image-file", "path": "media/images/Reconstruction_152_730582190bd7a60d859b.png", "sha256": "730582190bd7a60d859bf590962206fca3652f151d3ab47f756e6c879d170979", "size": 77446, "format": "png", "width": 134, "height": 398}}