{"Training/loss": 25.670516967773438, "Training/pov_loss": 24.66323471069336, "Training/vec_loss": 1.0072828531265259, "epoch": 0, "trainer/global_step": 223, "_runtime": 130, "_timestamp": 1633625208, "_step": 225, "Predictions (truth | one-step | n-step)": {"_type": "image-file", "path": "media/images/Predictions (truth | one-step | n-step)_200_a154b392d5d99921e451.png", "sha256": "a154b392d5d99921e4512565610c61c07df19e8426fbfd66170e2ff749385bd9", "size": 155283, "format": "png", "width": 134, "height": 926}, "_wandb": {"runtime": 131}}