{"Training/loss": 0.041727058589458466, "Training/recon_loss": 0.040186796337366104, "Training/latent_loss": 0.0015402634162455797, "epoch": 4, "trainer/global_step": 49629, "_runtime": 2409, "_timestamp": 1633623591, "_step": 5458, "Reconstruction": {"_type": "image-file", "path": "media/images/Reconstruction_5454_68d036132ce75d1d33cb.png", "sha256": "68d036132ce75d1d33cb33461ac23e71fe9988e83c0bb8f3abf61ce08f3518e5", "size": 63424, "format": "png", "width": 134, "height": 398}}