{"Predictions (raw | base reconstruction | one-step | n-step)": {"_type": "image-file", "path": "media/images/Predictions (raw | base reconstruction | one-step | n-step)_0_ce05caee4545fc7712aa.png", "sha256": "ce05caee4545fc7712aa008b56190e001ac5afa720e4c4c8901ca08b192717d8", "size": 1214485, "format": "png", "width": 266, "height": 3236}, "_runtime": 65, "_timestamp": 1634649088, "_step": 69, "Training/loss": 6.820906639099121, "Training/pov_loss": 6.20444917678833, "Training/vec_loss": 0.6164575219154358, "epoch": 0, "trainer/global_step": 68}