{"Validation/1-step TD Error": 20.06138801574707, "Validation/ClassificationLoss": 0.8731573820114136, "Validation/n-step TD Error": 806.232421875, "Validation/Loss": 827.1669311523438, "Validation/ExpertAgentAgreement": 0.0, "Validation/ExpertQValues": -0.004878445528447628, "Validation/OtherQValues": 0.0009895300026983023, "_runtime": 16, "_timestamp": 1634676939, "_step": 1, "Training/1-step TD Error": 8.414708137512207, "Training/ClassificationLoss": 0.8805170059204102, "Training/n-step TD Error": 285.9433898925781, "Training/Loss": 295.2386169433594, "Training/ExpertAgentAgreement": 0.0, "Training/ExpertQValues": -0.016177363693714142, "Training/OtherQValues": 0.0006394119118340313, "Training/Actions": {"_type": "histogram", "values": [49, 17, 0, 0, 0, 0, 0, 0, 0, 0, 7, 0, 0, 2, 1, 0, 0, 0, 0, 3, 1022, 0, 0, 0, 0, 10, 4, 2, 0, 1, 4, 1, 0, 0, 1, 0, 0, 0, 0, 0, 0, 0, 17, 2, 9, 2, 0, 4, 0, 0, 0, 14, 3, 1, 0, 0, 0, 1, 0, 1, 0, 0, 1, 13], "bins": [3.0, 18.046875, 33.09375, 48.140625, 63.1875, 78.234375, 93.28125, 108.328125, 123.375, 138.421875, 153.46875, 168.515625, 183.5625, 198.609375, 213.65625, 228.703125, 243.75, 258.796875, 273.84375, 288.890625, 303.9375, 318.984375, 334.03125, 349.078125, 364.125, 379.171875, 394.21875, 409.265625, 424.3125, 439.359375, 454.40625, 469.453125, 484.5, 499.546875, 514.59375, 529.640625, 544.6875, 559.734375, 574.78125, 589.828125, 604.875, 619.921875, 634.96875, 650.015625, 665.0625, 680.109375, 695.15625, 710.203125, 725.25, 740.296875, 755.34375, 770.390625, 785.4375, 800.484375, 815.53125, 830.578125, 845.625, 860.671875, 875.71875, 890.765625, 905.8125, 920.859375, 935.90625, 950.953125, 966.0]}}