{"Training/Episode Reward": 14.266178131103516, "_runtime": 8793, "_timestamp": 1634770488, "_step": 7916, "Training/one_step_loss": 0.21610618861482672, "Training/n_step_loss": 0.6889776914274474, "Training/classification_loss": 0.615547239780426, "Training/percentage_expert_actions": 0.7699999809265137, "Training/Loss": 1.8148980863330877, "Training/Beta": 0.6001560000000001, "_wandb": {"runtime": 8797}}