{"Training/1-step TD Error": 13.748380661010742, "Training/ClassificationLoss": 3.106027841567993, "Training/n-step TD Error": 82.32681274414062, "Training/Loss": 99.18122100830078, "Training/ExpertAgentAgreement": 0.004374453332275152, "Training/ExpertQValues": 2.9992129802703857, "Training/OtherQValues": 0.338876336812973, "Training/Actions": {"_type": "histogram", "values": [372, 292, 125, 35, 5, 19, 29, 0, 0, 4, 0, 0, 4, 7, 0, 0, 0, 5, 74, 0, 0, 3, 0, 0, 5, 0, 0, 0, 0, 32, 19, 0, 0, 0, 0, 2, 7, 0, 5, 0, 0, 11, 0, 1, 0, 10, 0, 8, 0, 2, 0, 0, 33, 0, 0, 0, 0, 15, 2, 0, 0, 3, 0, 14], "bins": [1.0, 3.296875, 5.59375, 7.890625, 10.1875, 12.484375, 14.78125, 17.078125, 19.375, 21.671875, 23.96875, 26.265625, 28.5625, 30.859375, 33.15625, 35.453125, 37.75, 40.046875, 42.34375, 44.640625, 46.9375, 49.234375, 51.53125, 53.828125, 56.125, 58.421875, 60.71875, 63.015625, 65.3125, 67.609375, 69.90625, 72.203125, 74.5, 76.796875, 79.09375, 81.390625, 83.6875, 85.984375, 88.28125, 90.578125, 92.875, 95.171875, 97.46875, 99.765625, 102.0625, 104.359375, 106.65625, 108.953125, 111.25, 113.546875, 115.84375, 118.140625, 120.4375, 122.734375, 125.03125, 127.328125, 129.625, 131.921875, 134.21875, 136.515625, 138.8125, 141.109375, 143.40625, 145.703125, 148.0]}, "_runtime": 52, "_timestamp": 1634041236, "_step": 44}