{"Training/1-step TD Error": 5.337193965911865, "Training/ClassificationLoss": 0, "Training/n-step TD Error": 0, "Training/Loss": 5.337193965911865, "Training/ExpertAgentAgreement": 0.00334821455180645, "Training/ExpertQValues": 1.9801738262176514, "Training/OtherQValues": 0.4302698075771332, "Training/Actions": {"_type": "histogram", "values": [521, 15, 548, 183, 75, 64, 126, 11, 14, 42, 42, 0, 5, 3, 2, 0, 7, 2, 2, 33, 0, 0, 6, 0, 1, 3, 0, 0, 0, 6, 1, 0, 0, 0, 2, 0, 5, 8, 8, 0, 0, 1, 0, 1, 2, 10, 0, 0, 0, 0, 0, 0, 2, 0, 19, 0, 0, 9, 0, 0, 1, 3, 0, 9], "bins": [0.0, 2.3125, 4.625, 6.9375, 9.25, 11.5625, 13.875, 16.1875, 18.5, 20.8125, 23.125, 25.4375, 27.75, 30.0625, 32.375, 34.6875, 37.0, 39.3125, 41.625, 43.9375, 46.25, 48.5625, 50.875, 53.1875, 55.5, 57.8125, 60.125, 62.4375, 64.75, 67.0625, 69.375, 71.6875, 74.0, 76.3125, 78.625, 80.9375, 83.25, 85.5625, 87.875, 90.1875, 92.5, 94.8125, 97.125, 99.4375, 101.75, 104.0625, 106.375, 108.6875, 111.0, 113.3125, 115.625, 117.9375, 120.25, 122.5625, 124.875, 127.1875, 129.5, 131.8125, 134.125, 136.4375, 138.75, 141.0625, 143.375, 145.6875, 148.0]}, "_runtime": 195, "_timestamp": 1634052589, "_step": 300, "grad_2.0_norm_q_net.0.weight_step": 7.203400135040283, "grad_2.0_norm_q_net.0.bias_step": 0.13740000128746033, "grad_2.0_norm_q_net.2.weight_step": 0.8730000257492065, "grad_2.0_norm_q_net.2.bias_step": 0.03460000082850456, "grad_2.0_norm_q_net.4.weight_step": 2.7985000610351562, "grad_2.0_norm_q_net.4.bias_step": 0.13300000131130219, "grad_2.0_norm_target_net.q_net.0.weight_step": 297.97601318359375, "grad_2.0_norm_target_net.q_net.0.bias_step": 59.6859016418457, "grad_2.0_norm_target_net.q_net.2.weight_step": 155.9084930419922, "grad_2.0_norm_target_net.q_net.2.bias_step": 16.485200881958008, "grad_2.0_norm_target_net.q_net.4.weight_step": 583.8892822265625, "grad_2.0_norm_target_net.q_net.4.bias_step": 15.436300277709961, "grad_2.0_norm_total_step": 676.8729248046875, "epoch": 147, "trainer/global_step": 147, "grad_2.0_norm_q_net.0.weight_epoch": 7.203400135040283, "grad_2.0_norm_q_net.0.bias_epoch": 0.13740000128746033, "grad_2.0_norm_q_net.2.weight_epoch": 0.8730000257492065, "grad_2.0_norm_q_net.2.bias_epoch": 0.03460000082850456, "grad_2.0_norm_q_net.4.weight_epoch": 2.7985000610351562, "grad_2.0_norm_q_net.4.bias_epoch": 0.13300000131130219, "grad_2.0_norm_target_net.q_net.0.weight_epoch": 297.97601318359375, "grad_2.0_norm_target_net.q_net.0.bias_epoch": 59.6859016418457, "grad_2.0_norm_target_net.q_net.2.weight_epoch": 155.9084930419922, "grad_2.0_norm_target_net.q_net.2.bias_epoch": 16.485200881958008, "grad_2.0_norm_target_net.q_net.4.weight_epoch": 583.8892822265625, "grad_2.0_norm_target_net.q_net.4.bias_epoch": 15.436300277709961, "grad_2.0_norm_total_epoch": 676.8729248046875}