{"Training/loss": 4.6279754638671875, "Training/pov_loss": 4.55710506439209, "Training/vec_loss": 0.07087058573961258, "epoch": 9, "trainer/global_step": 1939, "_runtime": 806, "_timestamp": 1634541892, "_step": 1968, "Predictions (raw | base reconstruction | one-step | n-step)": {"_type": "image-file", "path": "media/images/Predictions (raw | base reconstruction | one-step | n-step)_1968_33bee4caa19632fa7d73.png", "sha256": "33bee4caa19632fa7d7301549533698450886d345d25b621b21631a23dad8c1c", "size": 145994, "format": "png", "width": 266, "height": 596}, "_wandb": {"runtime": 808}}