{"Training/Episode Reward": 7.559909820556641, "_runtime": 7554, "_timestamp": 1634804933, "_step": 6698, "Training/one_step_loss": 0.3487086524534179, "Training/n_step_loss": 0.6012072261346879, "Training/classification_loss": 0.6740984320640564, "Training/percentage_expert_actions": 0.7899999618530273, "Training/Loss": 1.961397200838479, "Training/Beta": 0.6001320000000001, "_wandb": {"runtime": 7608}}