{"Training/Episode Reward": 64.73212719336152, "_runtime": 8862, "_timestamp": 1634990505, "_step": 7751, "Training/Total Steps": 100000, "Training/one_step_loss": 0.4374668917331884, "Training/n_step_loss": 1.194536442312681, "Training/classification_loss": 1.0109809637069702, "Training/percentage_expert_actions": 0.7599999904632568, "Training/Loss": 2.7808098163960215, "Training/Beta": 1, "_wandb": {"runtime": 8867}}