{"Training/loss": 0.03410438448190689, "Training/recon_loss": 0.031876157969236374, "Training/latent_loss": 0.0022282248828560114, "epoch": 0, "trainer/global_step": 7249, "_runtime": 882, "_timestamp": 1634568185, "_step": 796, "Reconstruction": {"_type": "image-file", "path": "media/images/Reconstruction_790_24e007194e8732db06c2.png", "sha256": "24e007194e8732db06c28a83997518eb458683f59a0d7814a881cc17dd869a0b", "size": 68919, "format": "png", "width": 134, "height": 398}, "_wandb": {"runtime": 888}}