{"Training/1-step TD Error": 7.686941146850586, "Training/ClassificationLoss": 0.8122393488883972, "Training/n-step TD Error": 0.0, "Training/Loss": 8.499180793762207, "Training/ExpertAgentAgreement": 0.7327117323875427, "Training/ExpertQValues": 0.7564483880996704, "Training/OtherQValues": 0.4618249833583832, "Training/Actions": {"_type": "histogram", "values": [1047, 161, 0, 2, 17, 0, 0, 0, 0, 0, 0, 0, 0, 0, 26, 0, 0, 0, 0, 6, 0, 0, 0, 0, 0, 0, 0, 0, 0, 0, 9, 0, 0, 0, 0, 6, 0, 0, 0, 0, 0, 0, 0, 0, 0, 3, 0, 6, 0, 0, 0, 0, 0, 0, 0, 0, 0, 0, 0, 0, 0, 0, 0, 4], "bins": [3.0, 5.078125, 7.15625, 9.234375, 11.3125, 13.390625, 15.46875, 17.546875, 19.625, 21.703125, 23.78125, 25.859375, 27.9375, 30.015625, 32.09375, 34.171875, 36.25, 38.328125, 40.40625, 42.484375, 44.5625, 46.640625, 48.71875, 50.796875, 52.875, 54.953125, 57.03125, 59.109375, 61.1875, 63.265625, 65.34375, 67.421875, 69.5, 71.578125, 73.65625, 75.734375, 77.8125, 79.890625, 81.96875, 84.046875, 86.125, 88.203125, 90.28125, 92.359375, 94.4375, 96.515625, 98.59375, 100.671875, 102.75, 104.828125, 106.90625, 108.984375, 111.0625, 113.140625, 115.21875, 117.296875, 119.375, 121.453125, 123.53125, 125.609375, 127.6875, 129.765625, 131.84375, 133.921875, 136.0]}, "_runtime": 523, "_timestamp": 1634042393, "_step": 529}