{"Training/loss": 0.03559385612607002, "Training/recon_loss": 0.03346000611782074, "Training/latent_loss": 0.002133851172402501, "epoch": 0, "trainer/global_step": 7249, "_runtime": 1223, "_timestamp": 1634569434, "_step": 796, "Reconstruction": {"_type": "image-file", "path": "media/images/Reconstruction_790_aff68369cc2ab9651659.png", "sha256": "aff68369cc2ab9651659a53bb3901d1f4ed9a4274bcdb1167c5eea77593eeac3", "size": 68882, "format": "png", "width": 134, "height": 398}, "_wandb": {"runtime": 1227}}