{"Training/1-step TD Error": 12.52750015258789, "Training/ClassificationLoss": 1.5267550945281982, "Training/n-step TD Error": 100.11636352539062, "Training/Loss": 114.17061614990234, "Training/ExpertAgentAgreement": 0.06343906372785568, "Training/ExpertQValues": 20.770910263061523, "Training/OtherQValues": 18.925737380981445, "Training/Actions": {"_type": "histogram", "values": [178, 20, 273, 16, 6, 2, 0, 0, 0, 0, 0, 0, 0, 0, 0, 0, 0, 0, 0, 0, 11, 0, 0, 0, 2, 0, 0, 0, 0, 0, 1, 0, 4, 0, 0, 0, 0, 0, 0, 2, 0, 29, 0, 20, 0, 0, 0, 0, 2, 0, 0, 0, 0, 3, 0, 0, 0, 0, 0, 13, 0, 8, 7, 2], "bins": [0.0, 2.125, 4.25, 6.375, 8.5, 10.625, 12.75, 14.875, 17.0, 19.125, 21.25, 23.375, 25.5, 27.625, 29.75, 31.875, 34.0, 36.125, 38.25, 40.375, 42.5, 44.625, 46.75, 48.875, 51.0, 53.125, 55.25, 57.375, 59.5, 61.625, 63.75, 65.875, 68.0, 70.125, 72.25, 74.375, 76.5, 78.625, 80.75, 82.875, 85.0, 87.125, 89.25, 91.375, 93.5, 95.625, 97.75, 99.875, 102.0, 104.125, 106.25, 108.375, 110.5, 112.625, 114.75, 116.875, 119.0, 121.125, 123.25, 125.375, 127.5, 129.625, 131.75, 133.875, 136.0]}, "_runtime": 1608, "_timestamp": 1633722737, "_step": 1939, "_wandb": {"runtime": 1609}}