{"Training/Episode Reward": -1.1547508239746094, "_runtime": 8851, "_timestamp": 1635043211, "_step": 8363, "Training/Total Steps": 100000, "Training/one_step_loss": 0.10904555722949232, "Training/n_step_loss": 1.3824653308380397, "Training/classification_loss": 0.7827496528625488, "Training/percentage_expert_actions": 0.75, "Training/Loss": 2.6098286576245617, "Training/Beta": 1, "_wandb": {"runtime": 8857}}