{"Training/loss": 32.08692169189453, "Training/pov_loss": 32.002899169921875, "Training/vec_loss": 0.08402246981859207, "epoch": 9, "trainer/global_step": 1939, "_runtime": 786, "_timestamp": 1634543552, "_step": 1968, "Predictions (raw | base reconstruction | one-step | n-step)": {"_type": "image-file", "path": "media/images/Predictions (raw | base reconstruction | one-step | n-step)_1968_a9fb7b57e8c0d1c71b6e.png", "sha256": "a9fb7b57e8c0d1c71b6e5ff36b34ca66a9c5e3b332d88742b00b63fd49c91c6d", "size": 149413, "format": "png", "width": 266, "height": 596}, "_wandb": {"runtime": 788}}