{"Training/Episode Reward": 36.931434631347656, "_runtime": 9211, "_timestamp": 1634908649, "_step": 8159, "Training/Total Steps": 100000, "Training/one_step_loss": 0.16811902176825594, "Training/n_step_loss": 0.7391373899779169, "Training/classification_loss": 0.5679184794425964, "Training/percentage_expert_actions": 0.7699999809265137, "Training/Loss": 1.398089592221302, "Training/Beta": 0.6001600000000001, "_wandb": {"runtime": 9217}}