{"Training/loss": 0.09965446591377258, "Training/recon_loss": 0.0993475392460823, "Training/latent_loss": 0.0003069291415158659, "epoch": 0, "trainer/global_step": 489, "_runtime": 37, "_timestamp": 1633607989, "_step": 52, "Reconstruction": {"_type": "image-file", "path": "media/images/Reconstruction_42_b4168db115ab7efcb2a9.png", "sha256": "b4168db115ab7efcb2a9dcd297aace51ea0b0b4266de8d999d5572ad3e34c5d9", "size": 82300, "format": "png", "width": 134, "height": 398}, "_wandb": {"runtime": 41}}