{"Training/loss": 0.05325455218553543, "Training/recon_loss": 0.04177665337920189, "Training/latent_loss": 22.955801010131836, "epoch": 1, "trainer/global_step": 153029, "_runtime": 11662, "_timestamp": 1633635765, "_step": 16833, "Reconstruction": {"_type": "image-file", "path": "media/images/Reconstruction_16829_d1d4c84e79416ae34256.png", "sha256": "d1d4c84e79416ae34256c9844946067c957d6ef8a9cd33dcd4eb191028753c1b", "size": 61585, "format": "png", "width": 134, "height": 398}}