{"Num Episodes": 39, "Episode steps": 3835, "Episode reward": 153.96450686454773, "_runtime": 5987, "_timestamp": 1635165786, "_step": 40, "mean_rew": 140.9391541659832, "std_rew": 19.819125964662568, "_wandb": {"runtime": 5992}}