{"Training/1-step TD Error": 17.5428466796875, "Training/ClassificationLoss": 1.1503602266311646, "Training/n-step TD Error": 165.78009033203125, "Training/Loss": 184.47329711914062, "Training/ExpertAgentAgreement": 0.03639514744281769, "Training/ExpertQValues": 0.14007943868637085, "Training/OtherQValues": -0.005419685505330563, "Training/Actions": {"_type": "histogram", "values": [364, 28, 53, 13, 0, 0, 0, 0, 1, 0, 3, 0, 0, 0, 0, 0, 30, 0, 1, 0, 0, 0, 4, 0, 0, 0, 2, 7, 3, 0, 0, 0, 25, 0, 0, 0, 0, 3, 0, 1, 6, 0, 0, 0, 2, 0, 1, 1, 0, 0, 0, 0, 0, 0, 0, 0, 0, 0, 27, 0, 0, 0, 0, 2], "bins": [1.0, 3.296875, 5.59375, 7.890625, 10.1875, 12.484375, 14.78125, 17.078125, 19.375, 21.671875, 23.96875, 26.265625, 28.5625, 30.859375, 33.15625, 35.453125, 37.75, 40.046875, 42.34375, 44.640625, 46.9375, 49.234375, 51.53125, 53.828125, 56.125, 58.421875, 60.71875, 63.015625, 65.3125, 67.609375, 69.90625, 72.203125, 74.5, 76.796875, 79.09375, 81.390625, 83.6875, 85.984375, 88.28125, 90.578125, 92.875, 95.171875, 97.46875, 99.765625, 102.0625, 104.359375, 106.65625, 108.953125, 111.25, 113.546875, 115.84375, 118.140625, 120.4375, 122.734375, 125.03125, 127.328125, 129.625, 131.921875, 134.21875, 136.515625, 138.8125, 141.109375, 143.40625, 145.703125, 148.0]}, "_runtime": 58, "_timestamp": 1634040948, "_step": 51}