{"Training/Episode Reward": 2.0407028198242188, "_runtime": 8627, "_timestamp": 1634814652, "_step": 7751, "Training/Total Steps": 100000, "Training/one_step_loss": 0.2679300349935514, "Training/n_step_loss": 0.8418747182673794, "Training/classification_loss": 0.6572972536087036, "Training/percentage_expert_actions": 0.8199999928474426, "Training/Loss": 1.885737970480244, "Training/Beta": 0.6001520000000001, "_wandb": {"runtime": 8631}}