{"Training/loss": 0.03740166127681732, "Training/recon_loss": 0.03548624739050865, "Training/latent_loss": 0.0019154141191393137, "epoch": 0, "trainer/global_step": 7249, "_runtime": 697, "_timestamp": 1634559810, "_step": 796, "Reconstruction": {"_type": "image-file", "path": "media/images/Reconstruction_790_6288aeb0e53653ac92e5.png", "sha256": "6288aeb0e53653ac92e592d968bee65749c7511356faf14783a099cb2c83a805", "size": 67870, "format": "png", "width": 134, "height": 398}, "_wandb": {"runtime": 700}}