{"Training/Episode Reward": 44.51213073730469, "_runtime": 9427, "_timestamp": 1634761672, "_step": 8119, "Training/one_step_loss": 0.2970236922396683, "Training/n_step_loss": 1.341456515069238, "Training/classification_loss": 0.7845995426177979, "Training/percentage_expert_actions": 0.7400000095367432, "Training/Loss": 2.689636557564623, "Training/Beta": 0.6001600000000001, "_wandb": {"runtime": 9436}}