{"Training/Episode Reward": 0.23617172241210938, "_runtime": 7692, "_timestamp": 1634831131, "_step": 6935, "Training/Total Steps": 100000, "Training/one_step_loss": 0.3202711660443784, "Training/n_step_loss": 0.9243354781542334, "Training/classification_loss": 0.5529089570045471, "Training/percentage_expert_actions": 0.85999995470047, "Training/Loss": 1.7367045114164348, "Training/Beta": 0.6001360000000001, "_wandb": {"runtime": 7696}}