{"Training/Episode Reward": 55.181583881378174, "_runtime": 3915, "_timestamp": 1635237874, "_step": 3240, "Training/Total Steps": 42789, "Training/one_step_loss": 0.05011625128985612, "Training/n_step_loss": 1.3959111432357032, "Training/classification_loss": 0.9487881660461426, "Training/percentage_expert_actions": 0.8199999928474426, "Training/Loss": 2.667288161327572, "Training/Beta": 0.759156}