{"Training/loss": 5396.873046875, "Training/pov_loss": 5396.43359375, "Training/vec_loss": 0.4393793046474457, "epoch": 2, "trainer/global_step": 433, "_runtime": 182, "_timestamp": 1634456003, "_step": 439, "Predictions (raw | base reconstruction | one-step | n-step)": {"_type": "image-file", "path": "media/images/Predictions (raw | base reconstruction | one-step | n-step)_404_413664c6c23b0047b387.png", "sha256": "413664c6c23b0047b38760443b9aa60d8d5db988b952ed7f72dfc8442ee01c27", "size": 148855, "format": "png", "width": 266, "height": 596}}