{"Training/loss": 0.046434786170721054, "Training/recon_loss": 0.0346442312002182, "Training/latent_loss": 23.58111000061035, "epoch": 9, "trainer/global_step": 72539, "_runtime": 6380, "_timestamp": 1633702548, "_step": 7988, "Reconstruction": {"_type": "image-file", "path": "media/images/Reconstruction_7988_674a02db1a6e926356a8.png", "sha256": "674a02db1a6e926356a8d68bf549d5d8cbe4e1d6df7a8817e38097867189d50d", "size": 62799, "format": "png", "width": 134, "height": 398}, "_wandb": {"runtime": 6382}}