{"Training/loss": 10.31937313079834, "Training/pov_loss": 10.256327629089355, "Training/vec_loss": 0.0630459263920784, "epoch": 9, "trainer/global_step": 1939, "_runtime": 1074, "_timestamp": 1633719253, "_step": 1968, "Predictions (raw | base reconstruction | one-step | n-step)": {"_type": "image-file", "path": "media/images/Predictions (raw | base reconstruction | one-step | n-step)_1968_8f7863dfffc020bd123d.png", "sha256": "8f7863dfffc020bd123d560c49cfad2b520183e105cffbf72e3c7f03aff29aee", "size": 170031, "format": "png", "width": 266, "height": 596}, "_wandb": {"runtime": 1076}}