{"Training/Episode Reward": 0.01901531219482422, "_runtime": 9769, "_timestamp": 1635071167, "_step": 8567, "Training/Total Steps": 100000, "Training/one_step_loss": 0.2393682088635004, "Training/n_step_loss": 0.5991414381282798, "Training/classification_loss": 0.6516565680503845, "Training/percentage_expert_actions": 0.8199999928474426, "Training/Loss": 1.9647450991419109, "Training/Beta": 1, "_wandb": {"runtime": 9773}}