{"Training/1-step TD Error": 0, "Training/ClassificationLoss": 0.8327820301055908, "Training/n-step TD Error": 0, "Training/Loss": 0.8327820301055908, "Training/ExpertAgentAgreement": 0.4055496156215668, "Training/ExpertQValues": 0.21431204676628113, "Training/OtherQValues": -0.055618975311517715, "Training/Actions": {"_type": "histogram", "values": [63, 501, 292, 6, 32, 0, 0, 0, 0, 0, 0, 0, 0, 0, 1, 0, 0, 0, 0, 3, 0, 0, 0, 1, 6, 0, 0, 0, 0, 2, 0, 0, 1, 0, 0, 1, 0, 0, 0, 2, 0, 5, 0, 15, 0, 0, 0, 0, 0, 0, 0, 0, 0, 2, 0, 0, 0, 0, 0, 0, 0, 1, 0, 3], "bins": [0.0, 2.125, 4.25, 6.375, 8.5, 10.625, 12.75, 14.875, 17.0, 19.125, 21.25, 23.375, 25.5, 27.625, 29.75, 31.875, 34.0, 36.125, 38.25, 40.375, 42.5, 44.625, 46.75, 48.875, 51.0, 53.125, 55.25, 57.375, 59.5, 61.625, 63.75, 65.875, 68.0, 70.125, 72.25, 74.375, 76.5, 78.625, 80.75, 82.875, 85.0, 87.125, 89.25, 91.375, 93.5, 95.625, 97.75, 99.875, 102.0, 104.125, 106.25, 108.375, 110.5, 112.625, 114.75, 116.875, 119.0, 121.125, 123.25, 125.375, 127.5, 129.625, 131.75, 133.875, 136.0]}, "_runtime": 229, "_timestamp": 1634051958, "_step": 250}