{"Training/loss": 0.024970943108201027, "Training/recon_loss": 0.023088058456778526, "Training/latent_loss": 0.0018828854663297534, "epoch": 0, "trainer/global_step": 7249, "_runtime": 799, "_timestamp": 1634561427, "_step": 796, "Reconstruction": {"_type": "image-file", "path": "media/images/Reconstruction_790_6e35cae91f275a7b18ed.png", "sha256": "6e35cae91f275a7b18ed81ce1c1f688990efc9d443f18991db98c1036dfb843d", "size": 69006, "format": "png", "width": 134, "height": 398}, "_wandb": {"runtime": 801}}