{"Training/Episode Reward": 39.942108154296875, "_runtime": 10107, "_timestamp": 1635187055, "_step": 8567, "Training/Total Steps": 100000, "Training/one_step_loss": 0.17283514595902436, "Training/n_step_loss": 1.167243859123295, "Training/classification_loss": 0.8726646304130554, "Training/percentage_expert_actions": 0.7599999904632568, "Training/Loss": 2.890028258412357, "Training/Beta": 1, "_wandb": {"runtime": 10112}}