{"Training/loss": 0.03378651291131973, "Training/recon_loss": 0.0322842113673687, "Training/latent_loss": 0.001502301194705069, "epoch": 0, "trainer/global_step": 7249, "_runtime": 937, "_timestamp": 1634557044, "_step": 796, "Reconstruction": {"_type": "image-file", "path": "media/images/Reconstruction_790_8881c0b48455f345a09d.png", "sha256": "8881c0b48455f345a09d8f8258f4a76f251248329b71ed15237ffd00a993f428", "size": 67796, "format": "png", "width": 134, "height": 398}, "_wandb": {"runtime": 939}}