{"Training/1-step TD Error": 118.74693298339844, "Training/ClassificationLoss": 14.093095779418945, "Training/n-step TD Error": 155.98135375976562, "Training/Loss": 288.8213806152344, "Training/ExpertAgentAgreement": 0.0, "Training/ExpertQValues": 3.4415054321289062, "Training/OtherQValues": -1.5137559175491333, "Training/Actions": {"_type": "histogram", "values": [169, 1132, 2, 0, 7, 0, 0, 0, 0, 0, 0, 0, 0, 0, 0, 0, 0, 0, 0, 0, 0, 0, 0, 5, 0, 0, 0, 0, 0, 0, 0, 0, 0, 0, 0, 0, 1, 0, 0, 0, 0, 0, 0, 0, 0, 0, 0, 0, 5, 0, 9, 0, 0, 6, 0, 0, 0, 0, 0, 0, 0, 0, 0, 1], "bins": [1.0, 3.25, 5.5, 7.75, 10.0, 12.25, 14.5, 16.75, 19.0, 21.25, 23.5, 25.75, 28.0, 30.25, 32.5, 34.75, 37.0, 39.25, 41.5, 43.75, 46.0, 48.25, 50.5, 52.75, 55.0, 57.25, 59.5, 61.75, 64.0, 66.25, 68.5, 70.75, 73.0, 75.25, 77.5, 79.75, 82.0, 84.25, 86.5, 88.75, 91.0, 93.25, 95.5, 97.75, 100.0, 102.25, 104.5, 106.75, 109.0, 111.25, 113.5, 115.75, 118.0, 120.25, 122.5, 124.75, 127.0, 129.25, 131.5, 133.75, 136.0, 138.25, 140.5, 142.75, 145.0]}, "_runtime": 134, "_timestamp": 1634041164, "_step": 126, "_wandb": {"runtime": 138}}