{"Training/Episode Reward": 46.986008644104004, "_runtime": 8377, "_timestamp": 1634839579, "_step": 7343, "Training/Total Steps": 100000, "Training/one_step_loss": 0.08824678618322801, "Training/n_step_loss": 1.3015794013086415, "Training/classification_loss": 0.9720536470413208, "Training/percentage_expert_actions": 0.6699999570846558, "Training/Loss": 2.6572560873527693, "Training/Beta": 0.6001440000000001, "_wandb": {"runtime": 8381}}