{"Validation/1-step TD Error": 26.742725372314453, "Validation/ClassificationLoss": 4.835532188415527, "Validation/n-step TD Error": 183.90496826171875, "Validation/Loss": 215.4832305908203, "Validation/ExpertAgentAgreement": 0.0016609997255727649, "Validation/ExpertQValues": 29.8308048248291, "Validation/OtherQValues": 26.786890029907227, "_runtime": 10632, "_timestamp": 1634731768, "_step": 17500, "Training/1-step TD Error": 98.13925170898438, "Training/ClassificationLoss": 6.639394760131836, "Training/n-step TD Error": 292.12481689453125, "Training/Loss": 396.9034729003906, "Training/ExpertAgentAgreement": 0.0, "Training/ExpertQValues": 36.54340362548828, "Training/OtherQValues": 33.021881103515625, "Training/Actions": {"_type": "histogram", "values": [10, 0, 0, 0, 0, 0, 0, 0, 36, 19, 2, 0, 0, 0, 0, 0, 1, 0, 304, 0, 15, 0, 2, 0, 1, 0, 1, 6, 0, 0, 9, 0, 2, 1, 1, 11, 0, 0, 11, 0, 1, 2, 0, 1, 4, 0, 0, 1, 0, 0, 0, 0, 12, 0, 0, 0, 9, 0, 9, 35, 0, 0, 10, 2], "bins": [4.0, 19.53125, 35.0625, 50.59375, 66.125, 81.65625, 97.1875, 112.71875, 128.25, 143.78125, 159.3125, 174.84375, 190.375, 205.90625, 221.4375, 236.96875, 252.5, 268.03125, 283.5625, 299.09375, 314.625, 330.15625, 345.6875, 361.21875, 376.75, 392.28125, 407.8125, 423.34375, 438.875, 454.40625, 469.9375, 485.46875, 501.0, 516.53125, 532.0625, 547.59375, 563.125, 578.65625, 594.1875, 609.71875, 625.25, 640.78125, 656.3125, 671.84375, 687.375, 702.90625, 718.4375, 733.96875, 749.5, 765.03125, 780.5625, 796.09375, 811.625, 827.15625, 842.6875, 858.21875, 873.75, 889.28125, 904.8125, 920.34375, 935.875, 951.40625, 966.9375, 982.46875, 998.0]}, "_wandb": {"runtime": 10635}}