{"Training/loss": 6.472243309020996, "Training/pov_loss": 5.892721176147461, "Training/vec_loss": 0.5795220732688904, "epoch": 1, "trainer/global_step": 339, "_runtime": 143, "_timestamp": 1634456283, "_step": 343, "Predictions (raw | base reconstruction | one-step | n-step)": {"_type": "image-file", "path": "media/images/Predictions (raw | base reconstruction | one-step | n-step)_302_a7c908499c9235fc02fe.png", "sha256": "a7c908499c9235fc02fe44df1db678cacaf1a3556b0763e490f7d243220c26f7", "size": 160472, "format": "png", "width": 266, "height": 596}, "_wandb": {"runtime": 146}}