{"Training/loss": 3.9643476009368896, "Training/pov_loss": 3.950897693634033, "Training/vec_loss": 0.013450007885694504, "epoch": 94, "trainer/global_step": 18401, "_runtime": 7413, "_timestamp": 1634580116, "_step": 18679, "Predictions (raw | base reconstruction | one-step | n-step)": {"_type": "image-file", "path": "media/images/Predictions (raw | base reconstruction | one-step | n-step)_18676_d33f009e5b7ac39e8576.png", "sha256": "d33f009e5b7ac39e85768dd2dd94571b3009b92ce7d0962f264ef419e8df29af", "size": 1115110, "format": "png", "width": 266, "height": 3236}}