{"Training/Episode Reward": 100.15928268432617, "_runtime": 84, "_timestamp": 1634805471, "_step": 202, "Training/one_step_loss": 7.500216271189245, "Training/n_step_loss": 5.911186442284886, "Training/classification_loss": 1.0124030113220215, "Training/percentage_expert_actions": 0.7199999690055847, "Training/Loss": 18.856322331144963, "Training/Beta": 0.600004, "_wandb": {"runtime": 111}}