{"Training/loss": 0.048013195395469666, "Training/recon_loss": 0.03603522852063179, "Training/latent_loss": 23.955934524536133, "epoch": 9, "trainer/global_step": 72539, "_runtime": 6574, "_timestamp": 1633711755, "_step": 7988, "Reconstruction": {"_type": "image-file", "path": "media/images/Reconstruction_7988_3bea1061dd02f976b2f4.png", "sha256": "3bea1061dd02f976b2f49dc9b7e9f8e1819e0849abd6507ce2c1ad69650bcebf", "size": 63572, "format": "png", "width": 134, "height": 398}, "_wandb": {"runtime": 6574}}