{"Training/loss": 0.031553998589515686, "Training/recon_loss": 0.02930140495300293, "Training/latent_loss": 0.0022525941021740437, "epoch": 0, "trainer/global_step": 7249, "_runtime": 862, "_timestamp": 1634567280, "_step": 796, "Reconstruction": {"_type": "image-file", "path": "media/images/Reconstruction_790_9405050bc15531f4f9c0.png", "sha256": "9405050bc15531f4f9c080519ec470fa0a8fdea7b99bde32daccc22fa27b8964", "size": 69371, "format": "png", "width": 134, "height": 398}, "_wandb": {"runtime": 864}}