{"Training/loss": 5.481289863586426, "Training/pov_loss": 5.192110061645508, "Training/vec_loss": 0.28917965292930603, "epoch": 6, "trainer/global_step": 1336, "_runtime": 549, "_timestamp": 1634572675, "_step": 1355, "Predictions (raw | base reconstruction | one-step | n-step)": {"_type": "image-file", "path": "media/images/Predictions (raw | base reconstruction | one-step | n-step)_1317_ae748626750b1256a4e9.png", "sha256": "ae748626750b1256a4e969b2c1f72b446dddafab31686a05fd18891b57e5c955", "size": 1131701, "format": "png", "width": 266, "height": 3236}}