{"Training/Episode Reward": 104.34246826171875, "_runtime": 7794, "_timestamp": 1634752230, "_step": 7105, "Training/one_step_loss": 0.3640156747932042, "Training/n_step_loss": 1.3991019735837205, "Training/classification_loss": 1.0274227857589722, "Training/percentage_expert_actions": 0.7999999523162842, "Training/Loss": 2.8798334623081154, "Training/Beta": 0.6001400000000001, "_wandb": {"runtime": 7799}}