{"Training/Episode Reward": 17.305622100830078, "_runtime": 9409, "_timestamp": 1634981626, "_step": 8159, "Training/Total Steps": 100000, "Training/one_step_loss": 0.3279928794616915, "Training/n_step_loss": 1.3760977258882412, "Training/classification_loss": 0.9997488856315613, "Training/percentage_expert_actions": 0.8100000023841858, "Training/Loss": 2.602630113865566, "Training/Beta": 1, "_wandb": {"runtime": 9413}}