{"Training/loss": 0.06674863398075104, "Training/recon_loss": 0.06604289263486862, "Training/latent_loss": 1701.4052734375, "epoch": 0, "trainer/global_step": 389, "_runtime": 592, "_timestamp": 1633685996, "_step": 41, "Reconstruction": {"_type": "image-file", "path": "media/images/Reconstruction_31_4ae02bd6d69c48b09b6c.png", "sha256": "4ae02bd6d69c48b09b6c44b3948cf8016cc5d020192cc3de0d92510c4647a2e1", "size": 83129, "format": "png", "width": 134, "height": 398}}