{"Training/Episode Reward": -26.073043823242188, "_runtime": 7067, "_timestamp": 1633969724, "_step": 5683, "Training/one_step_loss": 0.0566390413432211, "Training/n_step_loss": 0.12063725074720788, "Training/classification_loss": 0.8677173852920532, "Training/ratio_expert_to_agent": 0.8199999928474426, "Training/Loss": 1.117964559516263, "Training/Beta": 0.6000112000000003, "_wandb": {"runtime": 7124}}