{"Training/loss": 0.03375757858157158, "Training/recon_loss": 0.03162986412644386, "Training/latent_loss": 0.0021277146879583597, "epoch": 0, "trainer/global_step": 7249, "_runtime": 1268, "_timestamp": 1634570726, "_step": 796, "Reconstruction": {"_type": "image-file", "path": "media/images/Reconstruction_790_4ab2f1fdfffbbdea82e0.png", "sha256": "4ab2f1fdfffbbdea82e007f2f9e7e8bbb8ad340e4d8346733645c15fa0414bb1", "size": 68596, "format": "png", "width": 134, "height": 398}, "_wandb": {"runtime": 1272}}