{"Training/Episode Reward": 19.804447174072266, "_runtime": 9122, "_timestamp": 1635225156, "_step": 7955, "Training/Total Steps": 100000, "Training/one_step_loss": 0.235999349994647, "Training/n_step_loss": 0.7457325265668939, "Training/classification_loss": 0.5887014865875244, "Training/percentage_expert_actions": 0.7999999523162842, "Training/Loss": 1.8348865703173813, "Training/Beta": 1, "_wandb": {"runtime": 9127}}