{"Training/loss": 0.0364241786301136, "Training/recon_loss": 0.03516700491309166, "Training/latent_loss": 0.0012571749975904822, "epoch": 0, "trainer/global_step": 7249, "_runtime": 671, "_timestamp": 1634546463, "_step": 796, "Reconstruction": {"_type": "image-file", "path": "media/images/Reconstruction_790_6fff02c5881124572074.png", "sha256": "6fff02c58811245720740c74138aa93af734a239eba9034f8f6495bea3487e9f", "size": 69355, "format": "png", "width": 134, "height": 398}, "_wandb": {"runtime": 673}}