{"Validation/1-step TD Error": 78.95378112792969, "Validation/ClassificationLoss": 5.9788432121276855, "Validation/n-step TD Error": 296.6094665527344, "Validation/Loss": 381.5420837402344, "Validation/ExpertAgentAgreement": 0.03133393079042435, "Validation/ExpertQValues": 32.77604675292969, "Validation/OtherQValues": 24.519378662109375, "Validation/Actions": {"_type": "histogram", "values": [195, 0, 0, 0, 3, 2, 3, 0, 604, 23, 2, 0, 3, 4, 1, 0, 0, 2, 127, 0, 6, 10, 2, 4, 0, 3, 1, 7, 5, 0, 3, 2, 1, 0, 1, 6, 0, 2, 1, 6, 8, 19, 0, 1, 0, 1, 1, 2, 0, 0, 1, 1, 6, 3, 0, 0, 7, 8, 1, 23, 1, 2, 1, 2], "bins": [0.0, 15.59375, 31.1875, 46.78125, 62.375, 77.96875, 93.5625, 109.15625, 124.75, 140.34375, 155.9375, 171.53125, 187.125, 202.71875, 218.3125, 233.90625, 249.5, 265.09375, 280.6875, 296.28125, 311.875, 327.46875, 343.0625, 358.65625, 374.25, 389.84375, 405.4375, 421.03125, 436.625, 452.21875, 467.8125, 483.40625, 499.0, 514.59375, 530.1875, 545.78125, 561.375, 576.96875, 592.5625, 608.15625, 623.75, 639.34375, 654.9375, 670.53125, 686.125, 701.71875, 717.3125, 732.90625, 748.5, 764.09375, 779.6875, 795.28125, 810.875, 826.46875, 842.0625, 857.65625, 873.25, 888.84375, 904.4375, 920.03125, 935.625, 951.21875, 966.8125, 982.40625, 998.0]}, "_runtime": 10614, "_timestamp": 1634676535, "_step": 19401, "Training/1-step TD Error": 45.97607421875, "Training/ClassificationLoss": 5.449577808380127, "Training/n-step TD Error": 58.528438568115234, "Training/Loss": 109.95408630371094, "Training/ExpertAgentAgreement": 0.013923420570790768, "Training/ExpertQValues": 26.093278884887695, "Training/OtherQValues": 21.92698097229004, "Training/Actions": {"_type": "histogram", "values": [488, 120, 16, 45, 19, 0, 12, 9, 90, 114, 15, 108, 8, 14, 44, 12, 8, 9, 187, 18, 80, 23, 17, 11, 4, 2, 11, 19, 8, 0, 24, 15, 15, 27, 9, 28, 14, 15, 15, 10, 2, 33, 6, 3, 15, 3, 4, 14, 0, 40, 8, 12, 26, 7, 1, 3, 17, 10, 30, 45, 7, 19, 13, 10], "bins": [0.0, 15.59375, 31.1875, 46.78125, 62.375, 77.96875, 93.5625, 109.15625, 124.75, 140.34375, 155.9375, 171.53125, 187.125, 202.71875, 218.3125, 233.90625, 249.5, 265.09375, 280.6875, 296.28125, 311.875, 327.46875, 343.0625, 358.65625, 374.25, 389.84375, 405.4375, 421.03125, 436.625, 452.21875, 467.8125, 483.40625, 499.0, 514.59375, 530.1875, 545.78125, 561.375, 576.96875, 592.5625, 608.15625, 623.75, 639.34375, 654.9375, 670.53125, 686.125, 701.71875, 717.3125, 732.90625, 748.5, 764.09375, 779.6875, 795.28125, 810.875, 826.46875, 842.0625, 857.65625, 873.25, 888.84375, 904.4375, 920.03125, 935.625, 951.21875, 966.8125, 982.40625, 998.0]}, "_wandb": {"runtime": 10616}}