{"Training/loss": 0.06236770749092102, "Training/recon_loss": 0.0569155290722847, "Training/latent_loss": 281.2082214355469, "_runtime": 181, "_timestamp": 1633623011, "_step": 2694, "Reconstruction": {"_type": "image-file", "path": "media/images/Reconstruction_2625_997d733ed5c724fff73e.png", "sha256": "997d733ed5c724fff73e2de09b495896f0b35f6613a09ccbf6f25271aa23ca39", "size": 75917, "format": "png", "width": 134, "height": 398}, "_wandb": {"runtime": 182}}