{"Training/Episode Reward": 5.500953674316406, "_runtime": 8494, "_timestamp": 1634744421, "_step": 7713, "Training/one_step_loss": 0.2971897363592826, "Training/n_step_loss": 0.9694333447050252, "Training/classification_loss": 0.9817093014717102, "Training/percentage_expert_actions": 0.8299999833106995, "Training/Loss": 2.6649680445115806, "Training/Beta": 0.6001520000000001, "_wandb": {"runtime": 8499}}