{"Training/loss": 0.0345085971057415, "Training/recon_loss": 0.032649021595716476, "Training/latent_loss": 0.0018595762085169554, "epoch": 0, "trainer/global_step": 7249, "_runtime": 1007, "_timestamp": 1634562457, "_step": 796, "Reconstruction": {"_type": "image-file", "path": "media/images/Reconstruction_790_977d30052cf818dd86bc.png", "sha256": "977d30052cf818dd86bce50bdb07e0887a8de2764877ceab1a6dabed4f74afc3", "size": 68652, "format": "png", "width": 134, "height": 398}, "_wandb": {"runtime": 1011}}