{"Training/loss": 0.059951301664114, "Training/recon_loss": 0.05853371322154999, "Training/latent_loss": 0.0014175896067172289, "epoch": 0, "trainer/global_step": 8679, "_runtime": 768, "_timestamp": 1633620817, "_step": 953, "Reconstruction": {"_type": "image-file", "path": "media/images/Reconstruction_944_440c45234faa00aa59dc.png", "sha256": "440c45234faa00aa59dcc6f2424f0de9eae2b862c4159660562430c2029cda3d", "size": 70722, "format": "png", "width": 134, "height": 398}, "_wandb": {"runtime": 769}}