{"Training/1-step TD Error": 16.17791175842285, "Training/ClassificationLoss": 0, "Training/n-step TD Error": 0, "Training/Loss": 16.17791175842285, "Training/ExpertAgentAgreement": 0.17391304671764374, "Training/ExpertQValues": 2.7074930667877197, "Training/OtherQValues": 1.5562691688537598, "Training/Actions": {"_type": "histogram", "values": [42, 107, 287, 27, 2, 4, 5, 0, 0, 1, 0, 0, 0, 0, 0, 0, 0, 0, 0, 0, 0, 3, 0, 8, 0, 0, 0, 2, 2, 0, 0, 0, 0, 0, 5, 0, 0, 0, 0, 47, 0, 30, 0, 1, 0, 2, 0, 0, 0, 0, 5, 0, 0, 0, 0, 0, 0, 0, 0, 16, 0, 1, 0, 1], "bins": [0.0, 2.21875, 4.4375, 6.65625, 8.875, 11.09375, 13.3125, 15.53125, 17.75, 19.96875, 22.1875, 24.40625, 26.625, 28.84375, 31.0625, 33.28125, 35.5, 37.71875, 39.9375, 42.15625, 44.375, 46.59375, 48.8125, 51.03125, 53.25, 55.46875, 57.6875, 59.90625, 62.125, 64.34375, 66.5625, 68.78125, 71.0, 73.21875, 75.4375, 77.65625, 79.875, 82.09375, 84.3125, 86.53125, 88.75, 90.96875, 93.1875, 95.40625, 97.625, 99.84375, 102.0625, 104.28125, 106.5, 108.71875, 110.9375, 113.15625, 115.375, 117.59375, 119.8125, 122.03125, 124.25, 126.46875, 128.6875, 130.90625, 133.125, 135.34375, 137.5625, 139.78125, 142.0]}, "_runtime": 150, "_timestamp": 1634052336, "_step": 184, "grad_2.0_norm_q_net.0.weight_step": 2.3559999465942383, "grad_2.0_norm_q_net.0.bias_step": 0.3856000006198883, "grad_2.0_norm_q_net.2.weight_step": 1.679900050163269, "grad_2.0_norm_q_net.2.bias_step": 0.2761000096797943, "grad_2.0_norm_q_net.4.weight_step": 5.914100170135498, "grad_2.0_norm_q_net.4.bias_step": 0.4828000068664551, "grad_2.0_norm_target_net.q_net.0.weight_step": 20.365800857543945, "grad_2.0_norm_target_net.q_net.0.bias_step": 6.530300140380859, "grad_2.0_norm_target_net.q_net.2.weight_step": 29.987199783325195, "grad_2.0_norm_target_net.q_net.2.bias_step": 6.593900203704834, "grad_2.0_norm_target_net.q_net.4.weight_step": 145.55799865722656, "grad_2.0_norm_target_net.q_net.4.bias_step": 19.779300689697266, "grad_2.0_norm_total_step": 6.61870002746582, "epoch": 0, "trainer/global_step": 159}