{"Training/Episode Reward": 11.75110673904419, "_runtime": 9645, "_timestamp": 1635090134, "_step": 8159, "Training/Total Steps": 100000, "Training/one_step_loss": 0.19309292897046518, "Training/n_step_loss": 0.5742047711568077, "Training/classification_loss": 0.6245566010475159, "Training/percentage_expert_actions": 0.6899999976158142, "Training/Loss": 1.351414638643738, "Training/Beta": 1, "_wandb": {"runtime": 9650}}