{"Training/loss": 0.05470100790262222, "Training/recon_loss": 0.047516658902168274, "Training/latent_loss": 144.87429809570312, "epoch": 0, "trainer/global_step": 4289, "_runtime": 401, "_timestamp": 1633623591, "_step": 470, "Reconstruction": {"_type": "image-file", "path": "media/images/Reconstruction_460_f13c65098eeef3f3b02d.png", "sha256": "f13c65098eeef3f3b02d5a4ef2ee92d7a2825c1dac1ba06170e983851906bfb9", "size": 73068, "format": "png", "width": 134, "height": 398}}