{"Validation/1-step TD Error": 15.802608489990234, "Validation/ClassificationLoss": 4.1232476234436035, "Validation/n-step TD Error": 207.52957153320312, "Validation/Loss": 227.45542907714844, "Validation/ExpertAgentAgreement": 0.0, "Validation/ExpertQValues": 6.3951520919799805, "Validation/OtherQValues": 3.528198719024658, "Validation/Actions": {"_type": "histogram", "values": [311, 76, 3, 18, 19, 1, 4, 0, 50, 317, 4, 2, 4, 2, 23, 2, 0, 3, 145, 2, 181, 4, 3, 14, 0, 4, 0, 3, 8, 1, 1, 4, 2, 6, 2, 10, 0, 3, 7, 7, 3, 2, 2, 2, 14, 2, 2, 11, 0, 19, 10, 5, 5, 0, 0, 5, 2, 27, 3, 23, 8, 4, 7, 6], "bins": [1.0, 16.5, 32.0, 47.5, 63.0, 78.5, 94.0, 109.5, 125.0, 140.5, 156.0, 171.5, 187.0, 202.5, 218.0, 233.5, 249.0, 264.5, 280.0, 295.5, 311.0, 326.5, 342.0, 357.5, 373.0, 388.5, 404.0, 419.5, 435.0, 450.5, 466.0, 481.5, 497.0, 512.5, 528.0, 543.5, 559.0, 574.5, 590.0, 605.5, 621.0, 636.5, 652.0, 667.5, 683.0, 698.5, 714.0, 729.5, 745.0, 760.5, 776.0, 791.5, 807.0, 822.5, 838.0, 853.5, 869.0, 884.5, 900.0, 915.5, 931.0, 946.5, 962.0, 977.5, 993.0]}, "_runtime": 273, "_timestamp": 1634665660, "_step": 318, "Training/1-step TD Error": 67.17987060546875, "Training/ClassificationLoss": 4.1041646003723145, "Training/n-step TD Error": 469.9691162109375, "Training/Loss": 541.253173828125, "Training/ExpertAgentAgreement": 0.00500834733247757, "Training/ExpertQValues": 14.355198860168457, "Training/OtherQValues": 9.821914672851562, "Training/Actions": {"_type": "histogram", "values": [99, 0, 0, 2, 3, 0, 0, 0, 11, 61, 10, 0, 0, 1, 4, 5, 6, 1, 202, 3, 8, 11, 0, 1, 4, 0, 0, 5, 3, 0, 4, 3, 8, 23, 1, 14, 1, 0, 0, 0, 2, 2, 1, 0, 2, 1, 0, 3, 0, 0, 1, 0, 24, 0, 0, 4, 16, 2, 4, 33, 0, 3, 6, 1], "bins": [1.0, 16.578125, 32.15625, 47.734375, 63.3125, 78.890625, 94.46875, 110.046875, 125.625, 141.203125, 156.78125, 172.359375, 187.9375, 203.515625, 219.09375, 234.671875, 250.25, 265.828125, 281.40625, 296.984375, 312.5625, 328.140625, 343.71875, 359.296875, 374.875, 390.453125, 406.03125, 421.609375, 437.1875, 452.765625, 468.34375, 483.921875, 499.5, 515.078125, 530.65625, 546.234375, 561.8125, 577.390625, 592.96875, 608.546875, 624.125, 639.703125, 655.28125, 670.859375, 686.4375, 702.015625, 717.59375, 733.171875, 748.75, 764.328125, 779.90625, 795.484375, 811.0625, 826.640625, 842.21875, 857.796875, 873.375, 888.953125, 904.53125, 920.109375, 935.6875, 951.265625, 966.84375, 982.421875, 998.0]}}