{"Predictions (raw | base reconstruction | one-step | n-step)": {"_type": "image-file", "path": "media/images/Predictions (raw | base reconstruction | one-step | n-step)_17874_859653a02f2b002c9238.png", "sha256": "859653a02f2b002c92385dfee138a3c2dd66b24946ed5962b7d21e12fa0364c2", "size": 1075126, "format": "png", "width": 266, "height": 3236}, "_runtime": 7205, "_timestamp": 1634665217, "_step": 17874, "Training/loss": 30.623353958129883, "Training/pov_loss": 30.59578514099121, "Training/vec_loss": 0.02756824903190136, "epoch": 99, "trainer/global_step": 17399, "Validation/loss": 17.89129066467285, "Validation/pov_loss": 17.862751007080078, "Validation/vec_loss": 0.028540650382637978, "_wandb": {"runtime": 7208}}