{"Training/loss": 0.03825685754418373, "Training/recon_loss": 0.03697468340396881, "Training/latent_loss": 0.0012821733253076673, "epoch": 0, "trainer/global_step": 7249, "_runtime": 628, "_timestamp": 1634544432, "_step": 796, "Reconstruction": {"_type": "image-file", "path": "media/images/Reconstruction_790_99f287682d8ffcb979b2.png", "sha256": "99f287682d8ffcb979b2b4ee21f62b3226b0b58613921c021a619f474cf08a78", "size": 68607, "format": "png", "width": 134, "height": 398}, "_wandb": {"runtime": 630}}