{"Training/loss": 0.049533095210790634, "Training/recon_loss": 0.04374701902270317, "Training/latent_loss": 0.005786075256764889, "epoch": 0, "trainer/global_step": 12089, "_runtime": 810, "_timestamp": 1633614244, "_step": 1328, "Reconstruction": {"_type": "image-file", "path": "media/images/Reconstruction_1318_7ee158c0700c3cfbcf7a.png", "sha256": "7ee158c0700c3cfbcf7a3320cb65d2ea6c0a3f38287a3d274d7476a125d88b31", "size": 68295, "format": "png", "width": 134, "height": 398}, "_wandb": {"runtime": 812}}