{"Training/1-step TD Error": 0.4706878662109375, "Training/ClassificationLoss": 1.0240856409072876, "Training/n-step TD Error": 1.0943005084991455, "Training/Loss": 2.58907413482666, "Training/ExpertAgentAgreement": 0.032967034727334976, "Training/ExpertQValues": 1.9970438480377197, "Training/OtherQValues": 1.3850183486938477, "Training/Actions": {"_type": "histogram", "values": [117, 89, 287, 45, 12, 18, 10, 1, 0, 7, 0, 0, 0, 9, 0, 3, 0, 3, 5, 0, 2, 1, 1, 0, 1, 0, 0, 1, 0, 5, 0, 0, 5, 1, 0, 1, 3, 19, 1, 20, 3, 1, 0, 2, 2, 2, 0, 0, 3, 0, 0, 0, 2, 0, 8, 0, 16, 0, 7, 0, 2, 1, 0, 12], "bins": [0.0, 2.328125, 4.65625, 6.984375, 9.3125, 11.640625, 13.96875, 16.296875, 18.625, 20.953125, 23.28125, 25.609375, 27.9375, 30.265625, 32.59375, 34.921875, 37.25, 39.578125, 41.90625, 44.234375, 46.5625, 48.890625, 51.21875, 53.546875, 55.875, 58.203125, 60.53125, 62.859375, 65.1875, 67.515625, 69.84375, 72.171875, 74.5, 76.828125, 79.15625, 81.484375, 83.8125, 86.140625, 88.46875, 90.796875, 93.125, 95.453125, 97.78125, 100.109375, 102.4375, 104.765625, 107.09375, 109.421875, 111.75, 114.078125, 116.40625, 118.734375, 121.0625, 123.390625, 125.71875, 128.046875, 130.375, 132.703125, 135.03125, 137.359375, 139.6875, 142.015625, 144.34375, 146.671875, 149.0]}, "_runtime": 122, "_timestamp": 1634464691, "_step": 218}