{"Training/Episode Reward": 14.436866760253906, "_runtime": 8769, "_timestamp": 1635233941, "_step": 7955, "Training/Total Steps": 100000, "Training/one_step_loss": 0.12414937983090261, "Training/n_step_loss": 1.1736734967619957, "Training/classification_loss": 0.8631864786148071, "Training/percentage_expert_actions": 0.6699999570846558, "Training/Loss": 2.6725915907047595, "Training/Beta": 1, "_wandb": {"runtime": 8774}}