{"Training/1-step TD Error": 0.013075415976345539, "Training/ClassificationLoss": 0.7824035882949829, "Training/n-step TD Error": 0.013075415976345539, "Training/Loss": 0.8085544109344482, "Training/ExpertAgentAgreement": 0.6248012781143188, "Training/ExpertQValues": 0.1305113285779953, "Training/OtherQValues": 0.034281667321920395, "Training/Actions": {"_type": "histogram", "values": [363, 125, 26, 27, 0, 0, 0, 0, 0, 0, 0, 0, 0, 0, 0, 0, 0, 5, 0, 0, 0, 0, 0, 1, 0, 0, 0, 0, 0, 16, 0, 0, 0, 0, 0, 1, 5, 0, 0, 0, 0, 0, 0, 0, 0, 0, 6, 9, 0, 1, 0, 4, 0, 4, 0, 0, 0, 34, 0, 0, 0, 0, 0, 2], "bins": [1.0, 3.28125, 5.5625, 7.84375, 10.125, 12.40625, 14.6875, 16.96875, 19.25, 21.53125, 23.8125, 26.09375, 28.375, 30.65625, 32.9375, 35.21875, 37.5, 39.78125, 42.0625, 44.34375, 46.625, 48.90625, 51.1875, 53.46875, 55.75, 58.03125, 60.3125, 62.59375, 64.875, 67.15625, 69.4375, 71.71875, 74.0, 76.28125, 78.5625, 80.84375, 83.125, 85.40625, 87.6875, 89.96875, 92.25, 94.53125, 96.8125, 99.09375, 101.375, 103.65625, 105.9375, 108.21875, 110.5, 112.78125, 115.0625, 117.34375, 119.625, 121.90625, 124.1875, 126.46875, 128.75, 131.03125, 133.3125, 135.59375, 137.875, 140.15625, 142.4375, 144.71875, 147.0]}, "_runtime": 1010, "_timestamp": 1634467095, "_step": 1859, "_wandb": {"runtime": 1012}}