{"Training/loss": 0.03535640612244606, "Training/recon_loss": 0.03341929614543915, "Training/latent_loss": 0.0019371104426681995, "epoch": 0, "trainer/global_step": 7249, "_runtime": 691, "_timestamp": 1634559091, "_step": 796, "Reconstruction": {"_type": "image-file", "path": "media/images/Reconstruction_790_a8e9e2b75cd2ab23f259.png", "sha256": "a8e9e2b75cd2ab23f259a30b1ad644a6de68a3af9c67ea76c568d31dfa8574d5", "size": 68927, "format": "png", "width": 134, "height": 398}, "_wandb": {"runtime": 692}}