{"Training/1-step TD Error": 13.792814254760742, "Training/ClassificationLoss": 1.6372264623641968, "Training/n-step TD Error": 113.80217742919922, "Training/Loss": 129.2322235107422, "Training/ExpertAgentAgreement": 0.04767879471182823, "Training/ExpertQValues": 0.9933319687843323, "Training/OtherQValues": -0.20793800055980682, "Training/Actions": {"_type": "histogram", "values": [425, 42, 149, 5, 42, 0, 1, 5, 0, 0, 0, 0, 0, 0, 0, 0, 0, 0, 0, 0, 91, 0, 0, 1, 3, 0, 0, 0, 2, 3, 0, 0, 0, 0, 0, 13, 0, 0, 0, 0, 0, 0, 0, 0, 0, 0, 0, 0, 0, 2, 0, 0, 0, 2, 1, 0, 0, 5, 0, 0, 0, 0, 0, 5], "bins": [1.0, 3.109375, 5.21875, 7.328125, 9.4375, 11.546875, 13.65625, 15.765625, 17.875, 19.984375, 22.09375, 24.203125, 26.3125, 28.421875, 30.53125, 32.640625, 34.75, 36.859375, 38.96875, 41.078125, 43.1875, 45.296875, 47.40625, 49.515625, 51.625, 53.734375, 55.84375, 57.953125, 60.0625, 62.171875, 64.28125, 66.390625, 68.5, 70.609375, 72.71875, 74.828125, 76.9375, 79.046875, 81.15625, 83.265625, 85.375, 87.484375, 89.59375, 91.703125, 93.8125, 95.921875, 98.03125, 100.140625, 102.25, 104.359375, 106.46875, 108.578125, 110.6875, 112.796875, 114.90625, 117.015625, 119.125, 121.234375, 123.34375, 125.453125, 127.5625, 129.671875, 131.78125, 133.890625, 136.0]}, "_runtime": 89, "_timestamp": 1634041860, "_step": 85}