{"Training/loss": 0.024662520736455917, "Training/recon_loss": 0.023022575303912163, "Training/latent_loss": 0.0016399463638663292, "epoch": 9, "trainer/global_step": 120929, "_runtime": 10781, "_timestamp": 1633634859, "_step": 13301, "Reconstruction": {"_type": "image-file", "path": "media/images/Reconstruction_13297_5cdc7432643c43c4fc2b.png", "sha256": "5cdc7432643c43c4fc2b5a86a17e6c2c8e9a3272a27e533f8b4cc40844219eb5", "size": 62058, "format": "png", "width": 134, "height": 398}, "_wandb": {"runtime": 10782}}