{"Training/Episode Reward": 58.39839041233063, "_runtime": 11867, "_timestamp": 1634042674, "_step": 8728, "Training/one_step_loss": 0.027129104523938078, "Training/n_step_loss": 0.19453931126706495, "Training/classification_loss": 0.8662888407707214, "Training/ratio_expert_to_agent": 0.6499999761581421, "Training/Loss": 1.1129662427484817, "Training/Beta": 0.6000172000000005, "_wandb": {"runtime": 11891}}