{"Training/Episode Reward": 9.22573471069336, "_runtime": 7952, "_timestamp": 1634856573, "_step": 7343, "Training/Total Steps": 100000, "Training/one_step_loss": 0.10037200774483614, "Training/n_step_loss": 1.7959794469331412, "Training/classification_loss": 1.022912621498108, "Training/percentage_expert_actions": 0.75, "Training/Loss": 2.4542724593028113, "Training/Beta": 0.6001440000000001, "_wandb": {"runtime": 7956}}