{"Training/1-step TD Error": 106370.96875, "Training/ClassificationLoss": 787.4403686523438, "Training/n-step TD Error": 106214.3046875, "Training/Loss": 213372.71875, "Training/ExpertAgentAgreement": 0.0011049723252654076, "Training/ExpertQValues": -115.93388366699219, "Training/OtherQValues": -236.7833709716797, "Training/Actions": {"_type": "histogram", "values": [468, 172, 4, 102, 0, 0, 10, 3, 0, 0, 0, 0, 0, 0, 0, 0, 0, 0, 22, 0, 0, 1, 0, 5, 1, 0, 0, 0, 0, 26, 0, 0, 0, 0, 0, 7, 13, 0, 0, 0, 0, 0, 0, 0, 0, 0, 1, 10, 0, 8, 0, 0, 0, 13, 0, 0, 0, 33, 0, 4, 0, 0, 0, 2], "bins": [1.0, 3.28125, 5.5625, 7.84375, 10.125, 12.40625, 14.6875, 16.96875, 19.25, 21.53125, 23.8125, 26.09375, 28.375, 30.65625, 32.9375, 35.21875, 37.5, 39.78125, 42.0625, 44.34375, 46.625, 48.90625, 51.1875, 53.46875, 55.75, 58.03125, 60.3125, 62.59375, 64.875, 67.15625, 69.4375, 71.71875, 74.0, 76.28125, 78.5625, 80.84375, 83.125, 85.40625, 87.6875, 89.96875, 92.25, 94.53125, 96.8125, 99.09375, 101.375, 103.65625, 105.9375, 108.21875, 110.5, 112.78125, 115.0625, 117.34375, 119.625, 121.90625, 124.1875, 126.46875, 128.75, 131.03125, 133.3125, 135.59375, 137.875, 140.15625, 142.4375, 144.71875, 147.0]}, "_runtime": 16, "_timestamp": 1634041018, "_step": 9}