{"Training/Episode Reward": -1.137908935546875, "_runtime": 2081, "_timestamp": 1633962031, "_step": 1526, "Training/one_step_loss": 0.1574583914345877, "Training/n_step_loss": 0.5802402345069421, "Training/classification_loss": 0.9091786742210388, "Training/ratio_expert_to_agent": 0.9300000071525574, "Training/Loss": 1.5482055014307163, "Training/Beta": 0.6000028000000001, "_wandb": {"runtime": 2111}}