{"Training/loss": 0.033584751188755035, "Training/recon_loss": 0.030501002445816994, "Training/latent_loss": 0.003083747811615467, "epoch": 0, "trainer/global_step": 12089, "_runtime": 860, "_timestamp": 1633615282, "_step": 1328, "Reconstruction": {"_type": "image-file", "path": "media/images/Reconstruction_1318_8ad37261ea7be21307cc.png", "sha256": "8ad37261ea7be21307ccf32ff2ac9e8d7a31cd8f0fdbddea994955d476d2fba2", "size": 68786, "format": "png", "width": 134, "height": 398}, "_wandb": {"runtime": 861}}