{"Training/loss": 0.03548438474535942, "Training/recon_loss": 0.034272048622369766, "Training/latent_loss": 0.0012123348424211144, "epoch": 0, "trainer/global_step": 7249, "_runtime": 729, "_timestamp": 1634547215, "_step": 796, "Reconstruction": {"_type": "image-file", "path": "media/images/Reconstruction_790_1ce89f1b4295f4a39be5.png", "sha256": "1ce89f1b4295f4a39be5e62c74dc15aed84ad4059cb8a5f8b22dcd210da5e977", "size": 68685, "format": "png", "width": 134, "height": 398}, "_wandb": {"runtime": 731}}