{"Training/Episode Reward": 3.7729949951171875, "_runtime": 8745, "_timestamp": 1635016696, "_step": 7751, "Training/Total Steps": 100000, "Training/one_step_loss": 0.3073697304977043, "Training/n_step_loss": 1.1728666856761876, "Training/classification_loss": 0.7200545072555542, "Training/percentage_expert_actions": 0.7299999594688416, "Training/Loss": 2.0038119216897705, "Training/Beta": 1, "_wandb": {"runtime": 8750}}