{"Training/Episode Reward": 58.185691833496094, "_runtime": 9270, "_timestamp": 1634935978, "_step": 7547, "Training/Total Steps": 100000, "Training/one_step_loss": 0.2278514624767935, "Training/n_step_loss": 1.0371891674637561, "Training/classification_loss": 0.7526307702064514, "Training/percentage_expert_actions": 0.7899999618530273, "Training/Loss": 1.7967116411608266, "Training/Beta": 0.6001480000000001, "_wandb": {"runtime": 9275}}