{"Training/loss": 0.03323682025074959, "Training/recon_loss": 0.030941495671868324, "Training/latent_loss": 0.002295325044542551, "epoch": 0, "trainer/global_step": 7249, "_runtime": 662, "_timestamp": 1634564905, "_step": 796, "Reconstruction": {"_type": "image-file", "path": "media/images/Reconstruction_790_d2b3def4366183e53447.png", "sha256": "d2b3def4366183e5344734f654a25d35d031f8eb2c80c6bcfef2027db25001e0", "size": 68662, "format": "png", "width": 134, "height": 398}, "_wandb": {"runtime": 664}}