{"Training/Episode Reward": -0.18448257446289062, "_runtime": 8756, "_timestamp": 1634823424, "_step": 7751, "Training/Total Steps": 100000, "Training/one_step_loss": 0.2800827448849415, "Training/n_step_loss": 1.0014492258694265, "Training/classification_loss": 0.6733261346817017, "Training/percentage_expert_actions": 0.8299999833106995, "Training/Loss": 1.8347570911694155, "Training/Beta": 0.6001520000000001, "_wandb": {"runtime": 8760}}