{"Training/Episode Reward": 26.588268280029297, "_runtime": 9008, "_timestamp": 1635052234, "_step": 8159, "Training/Total Steps": 100000, "Training/one_step_loss": 0.10965748198996345, "Training/n_step_loss": 1.334899126923894, "Training/classification_loss": 1.0369764566421509, "Training/percentage_expert_actions": 0.699999988079071, "Training/Loss": 2.690929446488243, "Training/Beta": 1, "_wandb": {"runtime": 9013}}