{"Training/loss": 0.026995278894901276, "Training/recon_loss": 0.025407131761312485, "Training/latent_loss": 0.001588146318681538, "epoch": 0, "trainer/global_step": 12169, "_runtime": 1169, "_timestamp": 1633689268, "_step": 1337, "Reconstruction": {"_type": "image-file", "path": "media/images/Reconstruction_1329_a7b8caf32173eff237c1.png", "sha256": "a7b8caf32173eff237c121b4891056a9208360f4e53374e974dfa380b89c69f5", "size": 67107, "format": "png", "width": 134, "height": 398}, "_wandb": {"runtime": 1171}}