{"Training/1-step TD Error": 0.08241880685091019, "Training/ClassificationLoss": 0.8243710398674011, "Training/n-step TD Error": 0.3213578760623932, "Training/Loss": 1.2281477451324463, "Training/ExpertAgentAgreement": 0.451646089553833, "Training/ExpertQValues": 0.18687811493873596, "Training/OtherQValues": 0.03172740340232849, "Training/Actions": {"_type": "histogram", "values": [961, 72, 42, 31, 17, 17, 16, 10, 6, 6, 0, 3, 13, 14, 0, 45, 93, 22, 7, 10, 56, 15, 1, 1, 18, 5, 9, 0, 25, 3, 17, 7, 19, 15, 5, 0, 3, 6, 2, 0, 3, 7, 71, 66, 3, 79, 1, 4, 4, 2, 0, 1, 0, 0, 5, 20, 4, 3, 0, 1, 6, 7, 36, 29], "bins": [0.0, 2.328125, 4.65625, 6.984375, 9.3125, 11.640625, 13.96875, 16.296875, 18.625, 20.953125, 23.28125, 25.609375, 27.9375, 30.265625, 32.59375, 34.921875, 37.25, 39.578125, 41.90625, 44.234375, 46.5625, 48.890625, 51.21875, 53.546875, 55.875, 58.203125, 60.53125, 62.859375, 65.1875, 67.515625, 69.84375, 72.171875, 74.5, 76.828125, 79.15625, 81.484375, 83.8125, 86.140625, 88.46875, 90.796875, 93.125, 95.453125, 97.78125, 100.109375, 102.4375, 104.765625, 107.09375, 109.421875, 111.75, 114.078125, 116.40625, 118.734375, 121.0625, 123.390625, 125.71875, 128.046875, 130.375, 132.703125, 135.03125, 137.359375, 139.6875, 142.015625, 144.34375, 146.671875, 149.0]}, "_runtime": 87, "_timestamp": 1634053219, "_step": 53}