{"Training/loss": 0.030100757256150246, "Training/recon_loss": 0.028892124071717262, "Training/latent_loss": 0.001208632835187018, "epoch": 0, "trainer/global_step": 7249, "_runtime": 753, "_timestamp": 1634547991, "_step": 796, "Reconstruction": {"_type": "image-file", "path": "media/images/Reconstruction_790_3d889b74e9ae196f6368.png", "sha256": "3d889b74e9ae196f6368cb9e8375277fb10a33cde8d14f1dcd902b27df6e31c9", "size": 68281, "format": "png", "width": 134, "height": 398}, "_wandb": {"runtime": 755}}