{"Training/Episode Reward": 44.70831489562988, "_runtime": 9010, "_timestamp": 1634848605, "_step": 8159, "Training/Total Steps": 100000, "Training/one_step_loss": 0.10685363052765488, "Training/n_step_loss": 1.645560102504237, "Training/classification_loss": 0.9384029507637024, "Training/percentage_expert_actions": 0.7099999785423279, "Training/Loss": 2.873274235777877, "Training/Beta": 0.6001600000000001, "_wandb": {"runtime": 9015}}