{"Training/Episode Reward": 34.11844730377197, "_runtime": 8811, "_timestamp": 1635206059, "_step": 7751, "Training/Total Steps": 100000, "Training/one_step_loss": 0.30944320321617996, "Training/n_step_loss": 0.9139350538871988, "Training/classification_loss": 0.6550248861312866, "Training/percentage_expert_actions": 0.7400000095367432, "Training/Loss": 1.7350707631522848, "Training/Beta": 1, "_wandb": {"runtime": 8816}}