{"Training/Episode Reward": 3.778034210205078, "_runtime": 9945, "_timestamp": 1635216019, "_step": 8567, "Training/Total Steps": 100000, "Training/one_step_loss": 0.19945669879136796, "Training/n_step_loss": 0.9730990952902673, "Training/classification_loss": 0.7520615458488464, "Training/percentage_expert_actions": 0.7599999904632568, "Training/Loss": 1.8326407790507397, "Training/Beta": 1, "_wandb": {"runtime": 9950}}