{"Validation/1-step TD Error": 92.45021057128906, "Validation/ClassificationLoss": 8.554469108581543, "Validation/n-step TD Error": 216.43394470214844, "Validation/Loss": 317.4386291503906, "Validation/ExpertAgentAgreement": 0.013039042241871357, "Validation/ExpertQValues": 37.08989334106445, "Validation/OtherQValues": 30.679336547851562, "_runtime": 10510, "_timestamp": 1634703561, "_step": 17500, "Training/1-step TD Error": 40.77438735961914, "Training/ClassificationLoss": 7.268812656402588, "Training/n-step TD Error": 98.04998016357422, "Training/Loss": 146.0931854248047, "Training/ExpertAgentAgreement": 0.0008051529875956476, "Training/ExpertQValues": 26.45833396911621, "Training/OtherQValues": 21.267292022705078, "Training/Actions": {"_type": "histogram", "values": [19, 0, 0, 4, 0, 0, 0, 0, 4, 0, 4, 0, 0, 0, 3, 0, 0, 0, 0, 1, 1135, 1, 0, 0, 3, 10, 0, 6, 0, 0, 2, 0, 0, 2, 3, 0, 0, 0, 0, 1, 0, 0, 0, 1, 4, 0, 0, 6, 0, 0, 0, 22, 0, 0, 0, 0, 0, 0, 0, 5, 0, 0, 4, 2], "bins": [2.0, 17.0625, 32.125, 47.1875, 62.25, 77.3125, 92.375, 107.4375, 122.5, 137.5625, 152.625, 167.6875, 182.75, 197.8125, 212.875, 227.9375, 243.0, 258.0625, 273.125, 288.1875, 303.25, 318.3125, 333.375, 348.4375, 363.5, 378.5625, 393.625, 408.6875, 423.75, 438.8125, 453.875, 468.9375, 484.0, 499.0625, 514.125, 529.1875, 544.25, 559.3125, 574.375, 589.4375, 604.5, 619.5625, 634.625, 649.6875, 664.75, 679.8125, 694.875, 709.9375, 725.0, 740.0625, 755.125, 770.1875, 785.25, 800.3125, 815.375, 830.4375, 845.5, 860.5625, 875.625, 890.6875, 905.75, 920.8125, 935.875, 950.9375, 966.0]}, "_wandb": {"runtime": 10514}}