{"Training/loss": 0.046112410724163055, "Training/recon_loss": 0.04416411742568016, "Training/latent_loss": 0.0019482946954667568, "epoch": 0, "trainer/global_step": 7249, "_runtime": 644, "_timestamp": 1634557711, "_step": 796, "Reconstruction": {"_type": "image-file", "path": "media/images/Reconstruction_790_a54c9d98250f6ebd4bb6.png", "sha256": "a54c9d98250f6ebd4bb665a064bf4f8f8e27a676ce45d6aef45ce37a1b61007b", "size": 69488, "format": "png", "width": 134, "height": 398}, "_wandb": {"runtime": 645}}