{"Training/loss": 0.0379287451505661, "Training/recon_loss": 0.03597617521882057, "Training/latent_loss": 0.0019525698153302073, "epoch": 0, "trainer/global_step": 7249, "_runtime": 647, "_timestamp": 1634558379, "_step": 796, "Reconstruction": {"_type": "image-file", "path": "media/images/Reconstruction_790_be19276ffa7b46a3fcf0.png", "sha256": "be19276ffa7b46a3fcf0d134e6cfc46747f4815282a43ea10035049e969a3f62", "size": 69028, "format": "png", "width": 134, "height": 398}, "_wandb": {"runtime": 649}}