{"Training/loss": 0.0972181186079979, "Training/recon_loss": 0.09691048413515091, "Training/latent_loss": 0.0003076312714256346, "epoch": 0, "trainer/global_step": 489, "_runtime": 37, "_timestamp": 1633607647, "_step": 52, "Reconstruction": {"_type": "image-file", "path": "media/images/Reconstruction_42_f3e05b6c09bb652fc85a.png", "sha256": "f3e05b6c09bb652fc85afb433051742544e3de9140b3417155116e3fb03c6e1a", "size": 79584, "format": "png", "width": 134, "height": 398}, "_wandb": {"runtime": 40}}