{"Training/loss": 0.044716693460941315, "Training/recon_loss": 0.0424128957092762, "Training/latent_loss": 0.002303795889019966, "epoch": 0, "trainer/global_step": 7249, "_runtime": 658, "_timestamp": 1634564220, "_step": 796, "Reconstruction": {"_type": "image-file", "path": "media/images/Reconstruction_790_32591cfeea1547c222e6.png", "sha256": "32591cfeea1547c222e61c47bdc136e1d5641e994dbdf1c209c3a5435cd51f15", "size": 69078, "format": "png", "width": 134, "height": 398}, "_wandb": {"runtime": 660}}