{"Training/loss": 0.025233885273337364, "Training/recon_loss": 0.023626994341611862, "Training/latent_loss": 0.0016068913973867893, "epoch": 9, "trainer/global_step": 72539, "_runtime": 6825, "_timestamp": 1633696124, "_step": 7978, "Reconstruction": {"_type": "image-file", "path": "media/images/Reconstruction_7973_319f7d30540ad5b236f6.png", "sha256": "319f7d30540ad5b236f6fbf864c3c226d076f08d3959a78048484f4b875a916c", "size": 62894, "format": "png", "width": 134, "height": 398}, "_wandb": {"runtime": 6826}}