{"Training/Episode Reward": -4.542640686035156, "_runtime": 8677, "_timestamp": 1635025388, "_step": 8159, "Training/Total Steps": 100000, "Training/one_step_loss": 0.25896221492456806, "Training/n_step_loss": 0.9721922526568131, "Training/classification_loss": 0.6577489376068115, "Training/percentage_expert_actions": 0.75, "Training/Loss": 1.8230570190767568, "Training/Beta": 1, "_wandb": {"runtime": 8682}}