{"Validation/1-step TD Error": 36.50593948364258, "Validation/ClassificationLoss": 3.381275177001953, "Validation/n-step TD Error": 262.3739929199219, "Validation/Loss": 302.2611999511719, "Validation/ExpertAgentAgreement": 0.11680886894464493, "Validation/ExpertQValues": 24.05962562561035, "Validation/OtherQValues": 18.692035675048828, "_runtime": 16050, "_timestamp": 1634693037, "_step": 17500, "Training/1-step TD Error": 13.39684009552002, "Training/ClassificationLoss": 2.2898337841033936, "Training/n-step TD Error": 22.243730545043945, "Training/Loss": 37.93040466308594, "Training/ExpertAgentAgreement": 0.11528822034597397, "Training/ExpertQValues": 13.581368446350098, "Training/OtherQValues": 8.982016563415527, "Training/Actions": {"_type": "histogram", "values": [1029, 101, 1, 11, 5, 1, 9, 4, 160, 23, 16, 9, 1, 44, 8, 14, 10, 9, 162, 10, 15, 16, 13, 45, 8, 2, 4, 17, 21, 4, 7, 42, 7, 26, 12, 11, 10, 12, 12, 6, 9, 28, 2, 13, 17, 9, 14, 7, 44, 29, 8, 0, 15, 77, 9, 2, 10, 16, 69, 42, 10, 24, 12, 11], "bins": [0.0, 15.59375, 31.1875, 46.78125, 62.375, 77.96875, 93.5625, 109.15625, 124.75, 140.34375, 155.9375, 171.53125, 187.125, 202.71875, 218.3125, 233.90625, 249.5, 265.09375, 280.6875, 296.28125, 311.875, 327.46875, 343.0625, 358.65625, 374.25, 389.84375, 405.4375, 421.03125, 436.625, 452.21875, 467.8125, 483.40625, 499.0, 514.59375, 530.1875, 545.78125, 561.375, 576.96875, 592.5625, 608.15625, 623.75, 639.34375, 654.9375, 670.53125, 686.125, 701.71875, 717.3125, 732.90625, 748.5, 764.09375, 779.6875, 795.28125, 810.875, 826.46875, 842.0625, 857.65625, 873.25, 888.84375, 904.4375, 920.03125, 935.625, 951.21875, 966.8125, 982.40625, 998.0]}, "_wandb": {"runtime": 16053}}