{"Training/loss": 0.030923618003726006, "Training/recon_loss": 0.029368216171860695, "Training/latent_loss": 0.0015554021811112761, "epoch": 0, "trainer/global_step": 7249, "_runtime": 747, "_timestamp": 1634554372, "_step": 796, "Reconstruction": {"_type": "image-file", "path": "media/images/Reconstruction_790_4c19a189f0a39c392b80.png", "sha256": "4c19a189f0a39c392b80f2a5ce544733cd48852f7e4615d66f8591980456abf7", "size": 68054, "format": "png", "width": 134, "height": 398}, "_wandb": {"runtime": 749}}