{"Training/loss": 0.04422064870595932, "Training/recon_loss": 0.0429571196436882, "Training/latent_loss": 0.0012635297607630491, "epoch": 0, "trainer/global_step": 7249, "_runtime": 658, "_timestamp": 1634545770, "_step": 796, "Reconstruction": {"_type": "image-file", "path": "media/images/Reconstruction_790_5830363e32265934f3c0.png", "sha256": "5830363e32265934f3c0975cc4e9d2a041ae4a152bbdc02bc6327199bad3db3b", "size": 68069, "format": "png", "width": 134, "height": 398}, "_wandb": {"runtime": 660}}