{"Training/1-step TD Error": 0.43739232420921326, "Training/ClassificationLoss": 1.2216897010803223, "Training/n-step TD Error": 1.3064324855804443, "Training/Loss": 2.965514659881592, "Training/ExpertAgentAgreement": 0.03846153989434242, "Training/ExpertQValues": 4.820890426635742, "Training/OtherQValues": 4.192572116851807, "Training/Actions": {"_type": "histogram", "values": [571, 61, 156, 270, 1, 22, 56, 4, 4, 47, 27, 2, 17, 6, 3, 28, 13, 21, 0, 50, 0, 1, 1, 3, 7, 22, 2, 0, 41, 2, 0, 0, 0, 1, 0, 5, 11, 0, 15, 0, 0, 4, 1, 0, 1, 20, 0, 6, 4, 6, 0, 0, 9, 0, 1, 0, 36, 0, 10, 0, 0, 0, 0, 18], "bins": [1.0, 3.3125, 5.625, 7.9375, 10.25, 12.5625, 14.875, 17.1875, 19.5, 21.8125, 24.125, 26.4375, 28.75, 31.0625, 33.375, 35.6875, 38.0, 40.3125, 42.625, 44.9375, 47.25, 49.5625, 51.875, 54.1875, 56.5, 58.8125, 61.125, 63.4375, 65.75, 68.0625, 70.375, 72.6875, 75.0, 77.3125, 79.625, 81.9375, 84.25, 86.5625, 88.875, 91.1875, 93.5, 95.8125, 98.125, 100.4375, 102.75, 105.0625, 107.375, 109.6875, 112.0, 114.3125, 116.625, 118.9375, 121.25, 123.5625, 125.875, 128.1875, 130.5, 132.8125, 135.125, 137.4375, 139.75, 142.0625, 144.375, 146.6875, 149.0]}, "_runtime": 364, "_timestamp": 1634463594, "_step": 678, "_wandb": {"runtime": 367}}