{"Training/Episode Reward": 39.385494232177734, "_runtime": 16197, "_timestamp": 1633783500, "_step": 11976, "Training/one_step_loss": 0.04629437744319159, "Training/n_step_loss": 0.11341084898540034, "Training/classification_loss": 0.8360218405723572, "Training/ratio_expert_to_agent": 0.7099999785423279, "Training/Loss": 0.957528225294131, "Training/Beta": 0.6000236000000007, "_wandb": {"runtime": 16443}}