{"Predictions (raw | base reconstruction | one-step | n-step)": {"_type": "image-file", "path": "media/images/Predictions (raw | base reconstruction | one-step | n-step)_17874_e280b3183be3c3d6d871.png", "sha256": "e280b3183be3c3d6d8712ef5c9fe32c4ef3e7f41e64fa172b5ab05ebb603bc73", "size": 1101817, "format": "png", "width": 266, "height": 3236}, "_runtime": 7486, "_timestamp": 1634656664, "_step": 17874, "Training/loss": 3.8132190704345703, "Training/pov_loss": 3.7891221046447754, "Training/vec_loss": 0.02409701608121395, "epoch": 99, "trainer/global_step": 17399, "Validation/loss": 4.339966297149658, "Validation/pov_loss": 4.309292793273926, "Validation/vec_loss": 0.03067389689385891, "_wandb": {"runtime": 7489}}