{"Training/1-step TD Error": 12.679878234863281, "Training/ClassificationLoss": 1.627062201499939, "Training/n-step TD Error": 76.65587615966797, "Training/Loss": 90.96281433105469, "Training/ExpertAgentAgreement": 0.025406502187252045, "Training/ExpertQValues": 4.3118672370910645, "Training/OtherQValues": 2.87959885597229, "Training/Actions": {"_type": "histogram", "values": [17, 803, 92, 1, 12, 4, 0, 0, 0, 0, 0, 0, 0, 0, 0, 0, 0, 0, 0, 0, 0, 0, 0, 0, 0, 0, 0, 0, 0, 3, 1, 0, 0, 0, 0, 18, 0, 0, 0, 0, 0, 6, 0, 2, 0, 0, 0, 2, 0, 0, 0, 0, 0, 3, 0, 0, 0, 0, 0, 4, 0, 3, 0, 13], "bins": [0.0, 2.125, 4.25, 6.375, 8.5, 10.625, 12.75, 14.875, 17.0, 19.125, 21.25, 23.375, 25.5, 27.625, 29.75, 31.875, 34.0, 36.125, 38.25, 40.375, 42.5, 44.625, 46.75, 48.875, 51.0, 53.125, 55.25, 57.375, 59.5, 61.625, 63.75, 65.875, 68.0, 70.125, 72.25, 74.375, 76.5, 78.625, 80.75, 82.875, 85.0, 87.125, 89.25, 91.375, 93.5, 95.625, 97.75, 99.875, 102.0, 104.125, 106.25, 108.375, 110.5, 112.625, 114.75, 116.875, 119.0, 121.125, 123.25, 125.375, 127.5, 129.625, 131.75, 133.875, 136.0]}, "_runtime": 179, "_timestamp": 1634460532, "_step": 325}