{"Training/loss": 0.03881506621837616, "Training/recon_loss": 0.036916594952344894, "Training/latent_loss": 0.0018984704511240125, "epoch": 0, "trainer/global_step": 7249, "_runtime": 774, "_timestamp": 1634560606, "_step": 796, "Reconstruction": {"_type": "image-file", "path": "media/images/Reconstruction_790_c650f6ca81db7d03578f.png", "sha256": "c650f6ca81db7d03578fa45f0edb1cc9dda7f0fe6e6fa46fc1790698aeef8597", "size": 68086, "format": "png", "width": 134, "height": 398}, "_wandb": {"runtime": 775}}