{"Training/loss": 6.331699848175049, "Training/pov_loss": 5.898741722106934, "Training/vec_loss": 0.4329582452774048, "epoch": 1, "trainer/global_step": 279, "_runtime": 116, "_timestamp": 1634572113, "_step": 282, "Predictions (raw | base reconstruction | one-step | n-step)": {"_type": "image-file", "path": "media/images/Predictions (raw | base reconstruction | one-step | n-step)_201_855a38a1131c45df542e.png", "sha256": "855a38a1131c45df542ef7de5509ccbbc1d975c56998399ec48cf570274c5277", "size": 204668, "format": "png", "width": 266, "height": 596}}