{"Num Episodes": 19, "Episode steps": 3854, "Episode reward": 155.74398612976074, "_runtime": 2466, "_timestamp": 1635159503, "_step": 20, "mean_rew": 69.38018625378609, "std_rew": 53.1191398064794, "_wandb": {"runtime": 2471}}