{"Training/loss": 0.0711570754647255, "Training/recon_loss": 0.07111266255378723, "Training/latent_loss": 4.441179771674797e-05, "epoch": 0, "trainer/global_step": 769, "_runtime": 630, "_timestamp": 1633685996, "_step": 83, "Reconstruction": {"_type": "image-file", "path": "media/images/Reconstruction_75_8fe28ed297f4bcf15344.png", "sha256": "8fe28ed297f4bcf153449128ac540a411fcf8ded325db545ade1fd65640aca3d", "size": 78506, "format": "png", "width": 134, "height": 398}}