{"Training/1-step TD Error": 999063936.0, "Training/ClassificationLoss": 10742.3046875, "Training/n-step TD Error": 278330720.0, "Training/Loss": 1277405440.0, "Training/ExpertAgentAgreement": 0.004302925895899534, "Training/ExpertQValues": 2128.63232421875, "Training/OtherQValues": -2692.0458984375, "Training/Actions": {"_type": "histogram", "values": [133, 494, 234, 88, 0, 56, 6, 0, 9, 4, 4, 0, 0, 2, 0, 0, 0, 6, 0, 0, 1, 1, 0, 0, 5, 0, 1, 3, 0, 3, 0, 0, 5, 1, 0, 0, 13, 35, 2, 14, 0, 2, 3, 2, 2, 2, 0, 0, 0, 0, 0, 0, 0, 0, 4, 0, 15, 0, 7, 0, 0, 0, 0, 5], "bins": [0.0, 2.328125, 4.65625, 6.984375, 9.3125, 11.640625, 13.96875, 16.296875, 18.625, 20.953125, 23.28125, 25.609375, 27.9375, 30.265625, 32.59375, 34.921875, 37.25, 39.578125, 41.90625, 44.234375, 46.5625, 48.890625, 51.21875, 53.546875, 55.875, 58.203125, 60.53125, 62.859375, 65.1875, 67.515625, 69.84375, 72.171875, 74.5, 76.828125, 79.15625, 81.484375, 83.8125, 86.140625, 88.46875, 90.796875, 93.125, 95.453125, 97.78125, 100.109375, 102.4375, 104.765625, 107.09375, 109.421875, 111.75, 114.078125, 116.40625, 118.734375, 121.0625, 123.390625, 125.71875, 128.046875, 130.375, 132.703125, 135.03125, 137.359375, 139.6875, 142.015625, 144.34375, 146.671875, 149.0]}, "_runtime": 31, "_timestamp": 1634040991, "_step": 23}