{"Training/1-step TD Error": 7.276165962219238, "Training/ClassificationLoss": 1.5600910186767578, "Training/n-step TD Error": 62.11125564575195, "Training/Loss": 70.947509765625, "Training/ExpertAgentAgreement": 0.0034317090176045895, "Training/ExpertQValues": 2.1272165775299072, "Training/OtherQValues": 0.9845717549324036, "Training/Actions": {"_type": "histogram", "values": [394, 342, 361, 11, 96, 47, 0, 0, 10, 1, 0, 0, 0, 0, 0, 0, 0, 2, 3, 0, 2, 0, 8, 0, 0, 5, 2, 8, 7, 6, 0, 2, 28, 0, 0, 0, 2, 9, 12, 0, 14, 3, 4, 1, 1, 18, 0, 0, 4, 0, 1, 0, 1, 0, 19, 0, 1, 5, 21, 0, 0, 0, 0, 6], "bins": [0.0, 2.3125, 4.625, 6.9375, 9.25, 11.5625, 13.875, 16.1875, 18.5, 20.8125, 23.125, 25.4375, 27.75, 30.0625, 32.375, 34.6875, 37.0, 39.3125, 41.625, 43.9375, 46.25, 48.5625, 50.875, 53.1875, 55.5, 57.8125, 60.125, 62.4375, 64.75, 67.0625, 69.375, 71.6875, 74.0, 76.3125, 78.625, 80.9375, 83.25, 85.5625, 87.875, 90.1875, 92.5, 94.8125, 97.125, 99.4375, 101.75, 104.0625, 106.375, 108.6875, 111.0, 113.3125, 115.625, 117.9375, 120.25, 122.5625, 124.875, 127.1875, 129.5, 131.8125, 134.125, 136.4375, 138.75, 141.0625, 143.375, 145.6875, 148.0]}, "_runtime": 418, "_timestamp": 1634041671, "_step": 409, "_wandb": {"runtime": 421}}