{"Training/1-step TD Error": 9.906317710876465, "Training/ClassificationLoss": 1.3173173666000366, "Training/n-step TD Error": 76.03703308105469, "Training/Loss": 87.26066589355469, "Training/ExpertAgentAgreement": 0.011996572837233543, "Training/ExpertQValues": 1.202209711074829, "Training/OtherQValues": 0.4219234585762024, "Training/Actions": {"_type": "histogram", "values": [14, 1143, 0, 0, 0, 0, 0, 0, 0, 0, 0, 0, 0, 0, 0, 0, 0, 0, 0, 0, 0, 0, 0, 0, 0, 0, 0, 0, 1, 0, 0, 0, 0, 0, 0, 0, 0, 0, 0, 0, 0, 0, 0, 0, 0, 0, 0, 0, 0, 0, 0, 0, 0, 0, 0, 0, 0, 2, 0, 0, 0, 0, 0, 7], "bins": [1.0, 2.890625, 4.78125, 6.671875, 8.5625, 10.453125, 12.34375, 14.234375, 16.125, 18.015625, 19.90625, 21.796875, 23.6875, 25.578125, 27.46875, 29.359375, 31.25, 33.140625, 35.03125, 36.921875, 38.8125, 40.703125, 42.59375, 44.484375, 46.375, 48.265625, 50.15625, 52.046875, 53.9375, 55.828125, 57.71875, 59.609375, 61.5, 63.390625, 65.28125, 67.171875, 69.0625, 70.953125, 72.84375, 74.734375, 76.625, 78.515625, 80.40625, 82.296875, 84.1875, 86.078125, 87.96875, 89.859375, 91.75, 93.640625, 95.53125, 97.421875, 99.3125, 101.203125, 103.09375, 104.984375, 106.875, 108.765625, 110.65625, 112.546875, 114.4375, 116.328125, 118.21875, 120.109375, 122.0]}, "_runtime": 94, "_timestamp": 1634040555, "_step": 90}