{"Training/1-step TD Error": 5.23664665222168, "Training/ClassificationLoss": 1.5134644508361816, "Training/n-step TD Error": 47.00444793701172, "Training/Loss": 53.75455856323242, "Training/ExpertAgentAgreement": 0.10044753551483154, "Training/ExpertQValues": 0.6626347899436951, "Training/OtherQValues": 0.08800473809242249, "Training/Actions": {"_type": "histogram", "values": [359, 231, 407, 172, 37, 51, 100, 0, 6, 15, 71, 1, 2, 2, 0, 129, 12, 46, 2, 0, 2, 1, 7, 2, 0, 10, 41, 5, 0, 26, 0, 0, 20, 2, 0, 8, 9, 55, 1, 39, 0, 1, 1, 2, 0, 2, 0, 26, 5, 0, 5, 0, 12, 0, 3, 0, 57, 6, 9, 0, 0, 2, 1, 8], "bins": [0.0, 2.328125, 4.65625, 6.984375, 9.3125, 11.640625, 13.96875, 16.296875, 18.625, 20.953125, 23.28125, 25.609375, 27.9375, 30.265625, 32.59375, 34.921875, 37.25, 39.578125, 41.90625, 44.234375, 46.5625, 48.890625, 51.21875, 53.546875, 55.875, 58.203125, 60.53125, 62.859375, 65.1875, 67.515625, 69.84375, 72.171875, 74.5, 76.828125, 79.15625, 81.484375, 83.8125, 86.140625, 88.46875, 90.796875, 93.125, 95.453125, 97.78125, 100.109375, 102.4375, 104.765625, 107.09375, 109.421875, 111.75, 114.078125, 116.40625, 118.734375, 121.0625, 123.390625, 125.71875, 128.046875, 130.375, 132.703125, 135.03125, 137.359375, 139.6875, 142.015625, 144.34375, 146.671875, 149.0]}, "_runtime": 130, "_timestamp": 1634039239, "_step": 126, "_wandb": {"runtime": 133}}