{"Training/loss": 0.03347371518611908, "Training/recon_loss": 0.03184778615832329, "Training/latent_loss": 0.0016259271651506424, "epoch": 0, "trainer/global_step": 7249, "_runtime": 627, "_timestamp": 1634551548, "_step": 796, "Reconstruction": {"_type": "image-file", "path": "media/images/Reconstruction_790_ee0e7f487264e998d0ea.png", "sha256": "ee0e7f487264e998d0eac3e417aece342a47993b4cd5cb6bb52b624f1fb93ff7", "size": 69332, "format": "png", "width": 134, "height": 398}, "_wandb": {"runtime": 629}}