{"Training/loss": 0.037423886358737946, "Training/recon_loss": 0.03621097281575203, "Training/latent_loss": 0.0012129137758165598, "epoch": 0, "trainer/global_step": 7249, "_runtime": 862, "_timestamp": 1634548876, "_step": 796, "Reconstruction": {"_type": "image-file", "path": "media/images/Reconstruction_790_8c4e4c7be261ae5117b1.png", "sha256": "8c4e4c7be261ae5117b1ba8d88ee43161c64e79674b008ab0c6ca9f2b5e410a8", "size": 67774, "format": "png", "width": 134, "height": 398}, "_wandb": {"runtime": 864}}