{"Training/Episode Reward": 28.831573486328125, "_runtime": 9288, "_timestamp": 1635080470, "_step": 8159, "Training/Total Steps": 100000, "Training/one_step_loss": 0.4803865155677993, "Training/n_step_loss": 0.9186429180912231, "Training/classification_loss": 0.7353194952011108, "Training/percentage_expert_actions": 0.75, "Training/Loss": 1.861599681883935, "Training/Beta": 0.9999999999999999, "_wandb": {"runtime": 9293}}