{"Training/loss": 0.03313610330224037, "Training/recon_loss": 0.031562548130750656, "Training/latent_loss": 0.001573554240167141, "epoch": 0, "trainer/global_step": 7249, "_runtime": 681, "_timestamp": 1634553602, "_step": 796, "Reconstruction": {"_type": "image-file", "path": "media/images/Reconstruction_790_39cee3016bf134cb213e.png", "sha256": "39cee3016bf134cb213e3adf22be9a5afeefa4b45ed2c724948bb4260e7a5d5e", "size": 68058, "format": "png", "width": 134, "height": 398}, "_wandb": {"runtime": 683}}