{"Training/Episode Reward": 41.34067916870117, "_runtime": 9536, "_timestamp": 1635099686, "_step": 8159, "Training/Total Steps": 100000, "Training/one_step_loss": 0.18991408034654456, "Training/n_step_loss": 0.657880374729096, "Training/classification_loss": 0.5423266887664795, "Training/percentage_expert_actions": 0.7799999713897705, "Training/Loss": 1.2849604433591066, "Training/Beta": 1, "_wandb": {"runtime": 9541}}