{"Training/Episode Reward": 57.725804805755615, "_runtime": 10162, "_timestamp": 1635197232, "_step": 8975, "Training/Total Steps": 100000, "Training/one_step_loss": 0.29158408659431617, "Training/n_step_loss": 0.9707889054624828, "Training/classification_loss": 0.7530832886695862, "Training/percentage_expert_actions": 0.8100000023841858, "Training/Loss": 2.7407350480241273, "Training/Beta": 1, "_wandb": {"runtime": 10167}}