{"Training/1-step TD Error": 14.465662956237793, "Training/ClassificationLoss": 1.4251114130020142, "Training/n-step TD Error": 128.8917694091797, "Training/Loss": 144.7825469970703, "Training/ExpertAgentAgreement": 0.06759098917245865, "Training/ExpertQValues": 7.429790019989014, "Training/OtherQValues": 4.918731689453125, "Training/Actions": {"_type": "histogram", "values": [98, 0, 0, 3, 14, 0, 2, 1, 0, 189, 2, 0, 0, 0, 19, 0, 1, 0, 0, 1, 142, 0, 0, 4, 0, 15, 0, 0, 0, 0, 0, 0, 3, 4, 1, 0, 0, 4, 0, 1, 0, 0, 0, 0, 0, 0, 3, 0, 8, 0, 14, 8, 0, 9, 0, 0, 3, 20, 1, 0, 0, 0, 6, 1], "bins": [1.0, 16.359375, 31.71875, 47.078125, 62.4375, 77.796875, 93.15625, 108.515625, 123.875, 139.234375, 154.59375, 169.953125, 185.3125, 200.671875, 216.03125, 231.390625, 246.75, 262.109375, 277.46875, 292.828125, 308.1875, 323.546875, 338.90625, 354.265625, 369.625, 384.984375, 400.34375, 415.703125, 431.0625, 446.421875, 461.78125, 477.140625, 492.5, 507.859375, 523.21875, 538.578125, 553.9375, 569.296875, 584.65625, 600.015625, 615.375, 630.734375, 646.09375, 661.453125, 676.8125, 692.171875, 707.53125, 722.890625, 738.25, 753.609375, 768.96875, 784.328125, 799.6875, 815.046875, 830.40625, 845.765625, 861.125, 876.484375, 891.84375, 907.203125, 922.5625, 937.921875, 953.28125, 968.640625, 984.0]}, "_runtime": 945, "_timestamp": 1634030388, "_step": 755, "_wandb": {"runtime": 947}}