{"Num Episodes": 19, "Episode steps": 1439, "Episode reward": 155.2648868560791, "_runtime": 2037, "_timestamp": 1635149326, "_step": 20, "mean_rew": 94.62517504692077, "std_rew": 51.53950986040082, "_wandb": {"runtime": 2041}}