{"Training/loss": 0.09188179671764374, "Training/recon_loss": 0.09171392768621445, "Training/latent_loss": 0.00016787010827101767, "epoch": 0, "trainer/global_step": 1559, "_runtime": 100, "_timestamp": 1633624048, "_step": 170, "Reconstruction": {"_type": "image-file", "path": "media/images/Reconstruction_163_ba300495bbbc43289c86.png", "sha256": "ba300495bbbc43289c86e960411af3548feba4bce6cd3219dc5e589f1fcddf2b", "size": 76202, "format": "png", "width": 134, "height": 398}}