{"Training/1-step TD Error": 0.30230391025543213, "Training/ClassificationLoss": 0.9959823489189148, "Training/n-step TD Error": 0.9958736896514893, "Training/Loss": 2.2941598892211914, "Training/ExpertAgentAgreement": 0.1681034415960312, "Training/ExpertQValues": 1.2246298789978027, "Training/OtherQValues": 0.7159791588783264, "Training/Actions": {"_type": "histogram", "values": [402, 269, 47, 102, 2, 0, 19, 0, 0, 0, 0, 0, 0, 0, 0, 0, 0, 4, 3, 0, 0, 0, 0, 0, 4, 0, 0, 0, 8, 0, 0, 0, 0, 0, 0, 7, 0, 0, 0, 0, 0, 2, 0, 0, 1, 7, 0, 9, 0, 0, 0, 0, 9, 0, 0, 0, 12, 0, 0, 0, 0, 0, 0, 21], "bins": [1.0, 3.3125, 5.625, 7.9375, 10.25, 12.5625, 14.875, 17.1875, 19.5, 21.8125, 24.125, 26.4375, 28.75, 31.0625, 33.375, 35.6875, 38.0, 40.3125, 42.625, 44.9375, 47.25, 49.5625, 51.875, 54.1875, 56.5, 58.8125, 61.125, 63.4375, 65.75, 68.0625, 70.375, 72.6875, 75.0, 77.3125, 79.625, 81.9375, 84.25, 86.5625, 88.875, 91.1875, 93.5, 95.8125, 98.125, 100.4375, 102.75, 105.0625, 107.375, 109.6875, 112.0, 114.3125, 116.625, 118.9375, 121.25, 123.5625, 125.875, 128.1875, 130.5, 132.8125, 135.125, 137.4375, 139.75, 142.0625, 144.375, 146.6875, 149.0]}, "_runtime": 74, "_timestamp": 1634464283, "_step": 125}