{"Training/1-step TD Error": 0.20268353819847107, "Training/ClassificationLoss": 2.354173421859741, "Training/n-step TD Error": 103.7863540649414, "Training/Loss": 106.34320831298828, "Training/ExpertAgentAgreement": 0.019999999552965164, "Training/ExpertQValues": 0.4872371554374695, "Training/OtherQValues": -0.4177781641483307, "Training/Actions": {"_type": "histogram", "values": [244, 25, 351, 13, 30, 61, 0, 0, 9, 17, 0, 0, 5, 12, 0, 0, 1, 0, 0, 0, 0, 11, 4, 0, 0, 0, 4, 1, 2, 0, 0, 0, 1, 0, 0, 0, 0, 11, 25, 0, 29, 4, 2, 2, 2, 0, 0, 0, 10, 0, 0, 0, 0, 0, 7, 0, 5, 0, 1, 0, 0, 5, 0, 6], "bins": [0.0, 2.3125, 4.625, 6.9375, 9.25, 11.5625, 13.875, 16.1875, 18.5, 20.8125, 23.125, 25.4375, 27.75, 30.0625, 32.375, 34.6875, 37.0, 39.3125, 41.625, 43.9375, 46.25, 48.5625, 50.875, 53.1875, 55.5, 57.8125, 60.125, 62.4375, 64.75, 67.0625, 69.375, 71.6875, 74.0, 76.3125, 78.625, 80.9375, 83.25, 85.5625, 87.875, 90.1875, 92.5, 94.8125, 97.125, 99.4375, 101.75, 104.0625, 106.375, 108.6875, 111.0, 113.3125, 115.625, 117.9375, 120.25, 122.5625, 124.875, 127.1875, 129.5, 131.8125, 134.125, 136.4375, 138.75, 141.0625, 143.375, 145.6875, 148.0]}, "_runtime": 65, "_timestamp": 1634041749, "_step": 53, "_wandb": {"runtime": 67}}