{"Validation/1-step TD Error": 80.3333740234375, "Validation/ClassificationLoss": 6.292082786560059, "Validation/n-step TD Error": 220.29405212402344, "Validation/Loss": 306.91949462890625, "Validation/ExpertAgentAgreement": 0.08441170305013657, "Validation/ExpertQValues": 34.567256927490234, "Validation/OtherQValues": 26.69353675842285, "_runtime": 15472, "_timestamp": 1634719047, "_step": 17500, "Training/1-step TD Error": 19.67316436767578, "Training/ClassificationLoss": 2.019634485244751, "Training/n-step TD Error": 72.16805267333984, "Training/Loss": 93.86085510253906, "Training/ExpertAgentAgreement": 0.4502057731151581, "Training/ExpertQValues": 35.41466522216797, "Training/OtherQValues": 20.799325942993164, "Training/Actions": {"_type": "histogram", "values": [14, 1, 0, 1, 1, 0, 0, 2, 3, 0, 0, 1, 1, 0, 2, 0, 0, 2, 0, 0, 1131, 2, 0, 0, 1, 4, 3, 0, 0, 0, 0, 1, 0, 0, 1, 0, 0, 0, 4, 4, 0, 1, 0, 1, 3, 0, 1, 5, 0, 0, 0, 13, 3, 5, 0, 0, 0, 0, 0, 2, 0, 0, 0, 2], "bins": [3.0, 18.046875, 33.09375, 48.140625, 63.1875, 78.234375, 93.28125, 108.328125, 123.375, 138.421875, 153.46875, 168.515625, 183.5625, 198.609375, 213.65625, 228.703125, 243.75, 258.796875, 273.84375, 288.890625, 303.9375, 318.984375, 334.03125, 349.078125, 364.125, 379.171875, 394.21875, 409.265625, 424.3125, 439.359375, 454.40625, 469.453125, 484.5, 499.546875, 514.59375, 529.640625, 544.6875, 559.734375, 574.78125, 589.828125, 604.875, 619.921875, 634.96875, 650.015625, 665.0625, 680.109375, 695.15625, 710.203125, 725.25, 740.296875, 755.34375, 770.390625, 785.4375, 800.484375, 815.53125, 830.578125, 845.625, 860.671875, 875.71875, 890.765625, 905.8125, 920.859375, 935.90625, 950.953125, 966.0]}, "_wandb": {"runtime": 15475}}