{"Training/loss": 5.0261406898498535, "Training/pov_loss": 4.969664573669434, "Training/vec_loss": 0.056475959718227386, "epoch": 1, "trainer/global_step": 284, "_runtime": 117, "_timestamp": 1634456128, "_step": 287, "Predictions (raw | base reconstruction | one-step | n-step)": {"_type": "image-file", "path": "media/images/Predictions (raw | base reconstruction | one-step | n-step)_201_a2f56c7c316b69dfd01d.png", "sha256": "a2f56c7c316b69dfd01dad50f72fa836dacdb1054c402ca02032161d6a5a6527", "size": 158440, "format": "png", "width": 266, "height": 596}}