{"Training/loss": 0.03387853503227234, "Training/recon_loss": 0.03224750608205795, "Training/latent_loss": 0.0016310305800288916, "epoch": 0, "trainer/global_step": 7249, "_runtime": 635, "_timestamp": 1634552205, "_step": 796, "Reconstruction": {"_type": "image-file", "path": "media/images/Reconstruction_790_bc28b089e164f4695f48.png", "sha256": "bc28b089e164f4695f487ec005e265660eaf68f20be1810bce3eb9b8e2e95beb", "size": 68494, "format": "png", "width": 134, "height": 398}, "_wandb": {"runtime": 637}}