{"Training/Episode Reward": -7.897895812988281, "_runtime": 8743, "_timestamp": 1634899422, "_step": 7751, "Training/Total Steps": 100000, "Training/one_step_loss": 0.29817464757551226, "Training/n_step_loss": 6.37836429297226, "Training/classification_loss": 0.7372555136680603, "Training/percentage_expert_actions": 0.7699999809265137, "Training/Loss": 1.27336916800706, "Training/Beta": 0.6001520000000001, "_wandb": {"runtime": 8748}}