{"Training/loss": 0.02913820743560791, "Training/recon_loss": 0.027593838050961494, "Training/latent_loss": 0.0015443700831383467, "epoch": 0, "trainer/global_step": 7249, "_runtime": 766, "_timestamp": 1634555160, "_step": 796, "Reconstruction": {"_type": "image-file", "path": "media/images/Reconstruction_790_320e7f37bdfc77a9f3f8.png", "sha256": "320e7f37bdfc77a9f3f876db7f122829a5e6151bea547ac08ea75c4ddcbf2291", "size": 68847, "format": "png", "width": 134, "height": 398}, "_wandb": {"runtime": 768}}