{"Training/loss": 23.14826202392578, "Training/pov_loss": 22.8228702545166, "Training/vec_loss": 0.32539159059524536, "epoch": 5, "trainer/global_step": 1259, "_runtime": 700, "_timestamp": 1633625955, "_step": 1276, "Predictions (truth | one-step | n-step)": {"_type": "image-file", "path": "media/images/Predictions (truth | one-step | n-step)_1231_72dbd8f29a7af0206db6.png", "sha256": "72dbd8f29a7af0206db6a97ef185c6601a130bcb70fe37e061238d609d7f0b22", "size": 180457, "format": "png", "width": 200, "height": 596}}