{"Training/loss": 0.03931688889861107, "Training/recon_loss": 0.037523090839385986, "Training/latent_loss": 0.001793798292055726, "epoch": 0, "trainer/global_step": 7249, "_runtime": 1058, "_timestamp": 1634563539, "_step": 796, "Reconstruction": {"_type": "image-file", "path": "media/images/Reconstruction_790_5302c15a41545bf89592.png", "sha256": "5302c15a41545bf89592d1633b8fbc4eadc5ecb959d7a02c226fa8a9b151a3be", "size": 67892, "format": "png", "width": 134, "height": 398}, "_wandb": {"runtime": 1060}}