{"Training/Episode Reward": -42.34386444091797, "_runtime": 9134, "_timestamp": 1634999654, "_step": 7955, "Training/Total Steps": 100000, "Training/one_step_loss": 0.42905969455555926, "Training/n_step_loss": 1.4531275792467784, "Training/classification_loss": 1.069929599761963, "Training/percentage_expert_actions": 0.7400000095367432, "Training/Loss": 2.6499269597031447, "Training/Beta": 1, "_wandb": {"runtime": 9144}}