{"Training/loss": 0.034519460052251816, "Training/recon_loss": 0.03334587812423706, "Training/latent_loss": 0.0011735829757526517, "epoch": 0, "trainer/global_step": 7249, "_runtime": 906, "_timestamp": 1634550896, "_step": 796, "Reconstruction": {"_type": "image-file", "path": "media/images/Reconstruction_790_07d0a25b5bfd494db934.png", "sha256": "07d0a25b5bfd494db934166bd8f519db0dc12d6de2f5ee4add61a84225c2eb9f", "size": 68353, "format": "png", "width": 134, "height": 398}, "_wandb": {"runtime": 909}}