{"Training/Episode Reward": -0.29584503173828125, "_runtime": 8163, "_timestamp": 1634797362, "_step": 7307, "Training/one_step_loss": 0.3051693482287472, "Training/n_step_loss": 0.8313836320926632, "Training/classification_loss": 0.6569882035255432, "Training/percentage_expert_actions": 0.8299999833106995, "Training/Loss": 1.8385194630161659, "Training/Beta": 0.6001440000000001, "_wandb": {"runtime": 8168}}