{"Training/1-step TD Error": 0.15993405878543854, "Training/ClassificationLoss": 0.7351746559143066, "Training/n-step TD Error": 1.182572364807129, "Training/Loss": 2.077681064605713, "Training/ExpertAgentAgreement": 0.5653631091117859, "Training/ExpertQValues": 3.362846851348877, "Training/OtherQValues": 2.9608895778656006, "Training/Actions": {"_type": "histogram", "values": [1098, 110, 4, 0, 20, 3, 12, 23, 10, 6, 2, 9, 8, 5, 0, 28, 42, 16, 6, 9, 42, 2, 0, 0, 17, 11, 6, 1, 1, 3, 5, 2, 9, 6, 8, 0, 6, 3, 1, 3, 8, 0, 33, 78, 0, 43, 0, 0, 0, 6, 0, 2, 0, 4, 0, 12, 1, 0, 0, 1, 21, 3, 22, 19], "bins": [0.0, 2.328125, 4.65625, 6.984375, 9.3125, 11.640625, 13.96875, 16.296875, 18.625, 20.953125, 23.28125, 25.609375, 27.9375, 30.265625, 32.59375, 34.921875, 37.25, 39.578125, 41.90625, 44.234375, 46.5625, 48.890625, 51.21875, 53.546875, 55.875, 58.203125, 60.53125, 62.859375, 65.1875, 67.515625, 69.84375, 72.171875, 74.5, 76.828125, 79.15625, 81.484375, 83.8125, 86.140625, 88.46875, 90.796875, 93.125, 95.453125, 97.78125, 100.109375, 102.4375, 104.765625, 107.09375, 109.421875, 111.75, 114.078125, 116.40625, 118.734375, 121.0625, 123.390625, 125.71875, 128.046875, 130.375, 132.703125, 135.03125, 137.359375, 139.6875, 142.015625, 144.34375, 146.671875, 149.0]}, "_runtime": 2041, "_timestamp": 1634055275, "_step": 1351}