{"Training/1-step TD Error": 5.612731456756592, "Training/ClassificationLoss": 0.9236099123954773, "Training/n-step TD Error": 52.276973724365234, "Training/Loss": 58.813316345214844, "Training/ExpertAgentAgreement": 0.0161830373108387, "Training/ExpertQValues": 0.00781701598316431, "Training/OtherQValues": 0.0030148527584969997, "Training/Actions": {"_type": "histogram", "values": [521, 15, 548, 183, 75, 64, 126, 11, 14, 42, 42, 0, 5, 3, 2, 0, 7, 2, 2, 33, 0, 0, 6, 0, 1, 3, 0, 0, 0, 6, 1, 0, 0, 0, 2, 0, 5, 8, 8, 0, 0, 1, 0, 1, 2, 10, 0, 0, 0, 0, 0, 0, 2, 0, 19, 0, 0, 9, 0, 0, 1, 3, 0, 9], "bins": [0.0, 2.3125, 4.625, 6.9375, 9.25, 11.5625, 13.875, 16.1875, 18.5, 20.8125, 23.125, 25.4375, 27.75, 30.0625, 32.375, 34.6875, 37.0, 39.3125, 41.625, 43.9375, 46.25, 48.5625, 50.875, 53.1875, 55.5, 57.8125, 60.125, 62.4375, 64.75, 67.0625, 69.375, 71.6875, 74.0, 76.3125, 78.625, 80.9375, 83.25, 85.5625, 87.875, 90.1875, 92.5, 94.8125, 97.125, 99.4375, 101.75, 104.0625, 106.375, 108.6875, 111.0, 113.3125, 115.625, 117.9375, 120.25, 122.5625, 124.875, 127.1875, 129.5, 131.8125, 134.125, 136.4375, 138.75, 141.0625, 143.375, 145.6875, 148.0]}, "_runtime": 9, "_timestamp": 1634460219, "_step": 0, "_wandb": {"runtime": 10}}