{"Training/loss": 0.0557391457259655, "Training/recon_loss": 0.055689796805381775, "Training/latent_loss": 4.934880053042434e-05, "epoch": 0, "trainer/global_step": 989, "_runtime": 129, "_timestamp": 1634549028, "_step": 107, "Reconstruction": {"_type": "image-file", "path": "media/images/Reconstruction_97_55857c9c282571ecc4ba.png", "sha256": "55857c9c282571ecc4baf381e2369da19b0b198a962a9d610ff7f210eb42f958", "size": 79030, "format": "png", "width": 134, "height": 398}, "_wandb": {"runtime": 132}}