{"Training/Episode Reward": -2.9211864471435547, "_runtime": 269, "_timestamp": 1633959934, "_step": 202, "Training/one_step_loss": 0.315963283348398, "Training/n_step_loss": 0.5717117786675616, "Training/classification_loss": 0.16600342094898224, "Training/ratio_expert_to_agent": 0.23999999463558197, "Training/Loss": 1.0304073027490979, "Training/Beta": 0.6000004}