{"Training/Episode Reward": 12.50836181640625, "_runtime": 8258, "_timestamp": 1635007936, "_step": 7139, "Training/Total Steps": 100000, "Training/one_step_loss": 0.27648791597372674, "Training/n_step_loss": 0.8900145631336143, "Training/classification_loss": 0.6602803468704224, "Training/percentage_expert_actions": 0.699999988079071, "Training/Loss": 1.7527805799782505, "Training/Beta": 1, "_wandb": {"runtime": 8263}}