{"Training/Episode Reward": 4.706676483154297, "_runtime": 8940, "_timestamp": 1635034345, "_step": 8159, "Training/Total Steps": 100000, "Training/one_step_loss": 0.09719634619826117, "Training/n_step_loss": 1.5689880617494947, "Training/classification_loss": 0.9389816522598267, "Training/percentage_expert_actions": 0.6299999952316284, "Training/Loss": 2.8440445377576924, "Training/Beta": 1, "_wandb": {"runtime": 8944}}