{"Training/loss": 12.218518257141113, "Training/pov_loss": 12.116158485412598, "Training/vec_loss": 0.10235948860645294, "epoch": 9, "trainer/global_step": 2429, "_runtime": 1435, "_timestamp": 1633627626, "_step": 2463, "Predictions (raw | base reconstruction | one-step | n-step)": {"_type": "image-file", "path": "media/images/Predictions (raw | base reconstruction | one-step | n-step)_2463_58e4cde5559ad99fc200.png", "sha256": "58e4cde5559ad99fc200ee6728584289485c28db15674fd80432d9f034e8156e", "size": 224505, "format": "png", "width": 266, "height": 596}, "_wandb": {"runtime": 1437}}