{"Training/loss": 0.03594847768545151, "Training/recon_loss": 0.034348342567682266, "Training/latent_loss": 0.0016001365147531033, "epoch": 0, "trainer/global_step": 7249, "_runtime": 672, "_timestamp": 1634552899, "_step": 796, "Reconstruction": {"_type": "image-file", "path": "media/images/Reconstruction_790_575276b3dc8c198cbe0f.png", "sha256": "575276b3dc8c198cbe0fdb5815d6a074b74d6a244e94455289bc719d19ed5058", "size": 68462, "format": "png", "width": 134, "height": 398}, "_wandb": {"runtime": 673}}