{"Training/1-step TD Error": 9.496325492858887, "Training/ClassificationLoss": 0, "Training/n-step TD Error": 0, "Training/Loss": 9.496325492858887, "Training/ExpertAgentAgreement": 0.03981481492519379, "Training/ExpertQValues": 1.1237021684646606, "Training/OtherQValues": 0.5428639650344849, "Training/Actions": {"_type": "histogram", "values": [291, 169, 322, 34, 12, 41, 29, 0, 6, 11, 0, 0, 6, 3, 0, 5, 0, 1, 0, 6, 1, 1, 7, 0, 2, 3, 0, 0, 0, 5, 0, 0, 3, 0, 0, 0, 2, 6, 23, 0, 26, 5, 1, 4, 5, 4, 0, 0, 5, 3, 0, 0, 1, 3, 13, 0, 5, 3, 4, 0, 0, 3, 0, 6], "bins": [0.0, 2.3125, 4.625, 6.9375, 9.25, 11.5625, 13.875, 16.1875, 18.5, 20.8125, 23.125, 25.4375, 27.75, 30.0625, 32.375, 34.6875, 37.0, 39.3125, 41.625, 43.9375, 46.25, 48.5625, 50.875, 53.1875, 55.5, 57.8125, 60.125, 62.4375, 64.75, 67.0625, 69.375, 71.6875, 74.0, 76.3125, 78.625, 80.9375, 83.25, 85.5625, 87.875, 90.1875, 92.5, 94.8125, 97.125, 99.4375, 101.75, 104.0625, 106.375, 108.6875, 111.0, 113.3125, 115.625, 117.9375, 120.25, 122.5625, 124.875, 127.1875, 129.5, 131.8125, 134.125, 136.4375, 138.75, 141.0625, 143.375, 145.6875, 148.0]}, "_runtime": 69, "_timestamp": 1634052151, "_step": 77, "_wandb": {"runtime": 72}}