{"Training/1-step TD Error": 0.01449775043874979, "Training/ClassificationLoss": 0.7000694870948792, "Training/n-step TD Error": 1.1171557903289795, "Training/Loss": 1.8317229747772217, "Training/ExpertAgentAgreement": 0.9084315299987793, "Training/ExpertQValues": 0.2616134583950043, "Training/OtherQValues": 0.05853251740336418, "Training/Actions": {"_type": "histogram", "values": [1074, 0, 0, 0, 0, 0, 0, 0, 0, 0, 0, 0, 0, 0, 0, 0, 5, 0, 0, 0, 0, 0, 0, 0, 0, 0, 0, 2, 3, 0, 0, 0, 0, 0, 3, 0, 0, 0, 0, 0, 0, 0, 0, 0, 0, 0, 0, 0, 0, 0, 0, 0, 0, 3, 0, 0, 0, 0, 0, 0, 0, 0, 11, 2], "bins": [3.0, 5.140625, 7.28125, 9.421875, 11.5625, 13.703125, 15.84375, 17.984375, 20.125, 22.265625, 24.40625, 26.546875, 28.6875, 30.828125, 32.96875, 35.109375, 37.25, 39.390625, 41.53125, 43.671875, 45.8125, 47.953125, 50.09375, 52.234375, 54.375, 56.515625, 58.65625, 60.796875, 62.9375, 65.078125, 67.21875, 69.359375, 71.5, 73.640625, 75.78125, 77.921875, 80.0625, 82.203125, 84.34375, 86.484375, 88.625, 90.765625, 92.90625, 95.046875, 97.1875, 99.328125, 101.46875, 103.609375, 105.75, 107.890625, 110.03125, 112.171875, 114.3125, 116.453125, 118.59375, 120.734375, 122.875, 125.015625, 127.15625, 129.296875, 131.4375, 133.578125, 135.71875, 137.859375, 140.0]}, "_runtime": 149, "_timestamp": 1634466006, "_step": 268, "_wandb": {"runtime": 153}}