{"Training/loss": 5.196065902709961, "Training/pov_loss": 4.8094563484191895, "Training/vec_loss": 0.38660943508148193, "epoch": 9, "trainer/global_step": 1939, "_runtime": 792, "_timestamp": 1634542705, "_step": 1968, "Predictions (raw | base reconstruction | one-step | n-step)": {"_type": "image-file", "path": "media/images/Predictions (raw | base reconstruction | one-step | n-step)_1968_e484339cd2db56719dc5.png", "sha256": "e484339cd2db56719dc5e0a417af93b533195b4dace6743ebc19ee3e0af398b7", "size": 154236, "format": "png", "width": 266, "height": 596}, "_wandb": {"runtime": 794}}