{"Training/loss": 0.048435743898153305, "Training/recon_loss": 0.04716982692480087, "Training/latent_loss": 0.0012659175554290414, "epoch": 0, "trainer/global_step": 7249, "_runtime": 638, "_timestamp": 1634545091, "_step": 796, "Reconstruction": {"_type": "image-file", "path": "media/images/Reconstruction_790_412311c97032d8c2b095.png", "sha256": "412311c97032d8c2b095f6777c65ea681302abc78a7a43a8afa80f55d4d9f91f", "size": 69842, "format": "png", "width": 134, "height": 398}, "_wandb": {"runtime": 639}}