{"Training/Episode Reward": 1.0359916687011719, "_runtime": 9366, "_timestamp": 1635109068, "_step": 8159, "Training/Total Steps": 100000, "Training/one_step_loss": 0.12821661069112306, "Training/n_step_loss": 0.311352545146618, "Training/classification_loss": 0.5397682785987854, "Training/percentage_expert_actions": 0.7299999594688416, "Training/Loss": 1.4375446723951237, "Training/Beta": 1.0, "_wandb": {"runtime": 9371}}