{"Predictions (raw | base reconstruction | one-step | n-step)": {"_type": "image-file", "path": "media/images/Predictions (raw | base reconstruction | one-step | n-step)_17874_1ec29ed06020dca74007.png", "sha256": "1ec29ed06020dca74007e824da5bc8f889dcfd4622f34be7ffb52290bdd98b7f", "size": 1124678, "format": "png", "width": 266, "height": 3236}, "_runtime": 15443, "_timestamp": 1634648567, "_step": 17874, "Training/loss": 3.765021562576294, "Training/pov_loss": 3.7551586627960205, "Training/vec_loss": 0.009862961247563362, "epoch": 99, "trainer/global_step": 17399, "Validation/loss": 4.226558208465576, "Validation/pov_loss": 4.209053993225098, "Validation/vec_loss": 0.017503205686807632, "_wandb": {"runtime": 15446}}