{"Training/Episode Reward": 2.7730712890625, "_runtime": 9948, "_timestamp": 1634780450, "_step": 9134, "Training/one_step_loss": 1.4110626582864458, "Training/n_step_loss": 1.1448005391714016, "Training/classification_loss": 0.9854555726051331, "Training/percentage_expert_actions": 0.7099999785423279, "Training/Loss": 1.8599450470990946, "Training/Beta": 0.6001800000000002, "_wandb": {"runtime": 9952}}