{"Training/loss": 0.03455737978219986, "Training/recon_loss": 0.03227292373776436, "Training/latent_loss": 0.0022844544146209955, "epoch": 0, "trainer/global_step": 7249, "_runtime": 718, "_timestamp": 1634565646, "_step": 796, "Reconstruction": {"_type": "image-file", "path": "media/images/Reconstruction_790_11619d2e136c0f7668e7.png", "sha256": "11619d2e136c0f7668e76459cdf7eab52cb758014862ca38e7839bf25758c6b8", "size": 69118, "format": "png", "width": 134, "height": 398}, "_wandb": {"runtime": 720}}