{"Training/1-step TD Error": 0.0847865417599678, "Training/ClassificationLoss": 0.8360115885734558, "Training/n-step TD Error": 0.26744335889816284, "Training/Loss": 1.1882414817810059, "Training/ExpertAgentAgreement": 0.39907190203666687, "Training/ExpertQValues": 0.7569882869720459, "Training/OtherQValues": 0.5464932322502136, "Training/Actions": {"_type": "histogram", "values": [1450, 79, 15, 92, 2, 5, 30, 23, 17, 0, 1, 8, 11, 13, 0, 26, 6, 20, 12, 5, 35, 3, 1, 0, 10, 11, 15, 0, 33, 0, 8, 15, 4, 35, 4, 0, 2, 5, 4, 10, 11, 3, 74, 57, 0, 259, 3, 11, 23, 0, 0, 3, 0, 4, 7, 29, 3, 0, 1, 1, 16, 14, 42, 15], "bins": [0.0, 2.328125, 4.65625, 6.984375, 9.3125, 11.640625, 13.96875, 16.296875, 18.625, 20.953125, 23.28125, 25.609375, 27.9375, 30.265625, 32.59375, 34.921875, 37.25, 39.578125, 41.90625, 44.234375, 46.5625, 48.890625, 51.21875, 53.546875, 55.875, 58.203125, 60.53125, 62.859375, 65.1875, 67.515625, 69.84375, 72.171875, 74.5, 76.828125, 79.15625, 81.484375, 83.8125, 86.140625, 88.46875, 90.796875, 93.125, 95.453125, 97.78125, 100.109375, 102.4375, 104.765625, 107.09375, 109.421875, 111.75, 114.078125, 116.40625, 118.734375, 121.0625, 123.390625, 125.71875, 128.046875, 130.375, 132.703125, 135.03125, 137.359375, 139.6875, 142.015625, 144.34375, 146.671875, 149.0]}, "_runtime": 300, "_timestamp": 1634465010, "_step": 333}