{"Num Episodes": 19, "Episode steps": 4000, "Episode reward": 21.033538818359375, "_runtime": 2601, "_timestamp": 1635151941, "_step": 20, "mean_rew": 66.64490612130612, "std_rew": 55.9856691418287, "_wandb": {"runtime": 2606}}