{"Training/1-step TD Error": 10.388700485229492, "Training/ClassificationLoss": 2.3910984992980957, "Training/n-step TD Error": 20.12364959716797, "Training/Loss": 32.90345001220703, "Training/ExpertAgentAgreement": 0.1545758992433548, "Training/ExpertQValues": 0.5422926545143127, "Training/OtherQValues": -0.2174004465341568, "Training/Actions": {"_type": "histogram", "values": [521, 15, 548, 183, 75, 64, 126, 11, 14, 42, 42, 0, 5, 3, 2, 0, 7, 2, 2, 33, 0, 0, 6, 0, 1, 3, 0, 0, 0, 6, 1, 0, 0, 0, 2, 0, 5, 8, 8, 0, 0, 1, 0, 1, 2, 10, 0, 0, 0, 0, 0, 0, 2, 0, 19, 0, 0, 9, 0, 0, 1, 3, 0, 9], "bins": [0.0, 2.3125, 4.625, 6.9375, 9.25, 11.5625, 13.875, 16.1875, 18.5, 20.8125, 23.125, 25.4375, 27.75, 30.0625, 32.375, 34.6875, 37.0, 39.3125, 41.625, 43.9375, 46.25, 48.5625, 50.875, 53.1875, 55.5, 57.8125, 60.125, 62.4375, 64.75, 67.0625, 69.375, 71.6875, 74.0, 76.3125, 78.625, 80.9375, 83.25, 85.5625, 87.875, 90.1875, 92.5, 94.8125, 97.125, 99.4375, 101.75, 104.0625, 106.375, 108.6875, 111.0, 113.3125, 115.625, 117.9375, 120.25, 122.5625, 124.875, 127.1875, 129.5, 131.8125, 134.125, 136.4375, 138.75, 141.0625, 143.375, 145.6875, 148.0]}, "_runtime": 92, "_timestamp": 1634039759, "_step": 52, "_wandb": {"runtime": 95}}