{"Training/Episode Reward": 29.906570434570312, "_runtime": 9185, "_timestamp": 1634917849, "_step": 7955, "Training/Total Steps": 100000, "Training/one_step_loss": 0.19097960837062503, "Training/n_step_loss": 0.47153527527231065, "Training/classification_loss": 0.47240495681762695, "Training/percentage_expert_actions": 0.699999988079071, "Training/Loss": 1.3920094302786052, "Training/Beta": 0.6001560000000001, "_wandb": {"runtime": 9189}}