{"Training/Episode Reward": 18.944007873535156, "_runtime": 8715, "_timestamp": 1634789180, "_step": 7916, "Training/one_step_loss": 0.2522043838582743, "Training/n_step_loss": 1.002396238484209, "Training/classification_loss": 0.6663717031478882, "Training/percentage_expert_actions": 0.7999999523162842, "Training/Loss": 1.74928592061333, "Training/Beta": 0.6001560000000001, "_wandb": {"runtime": 8720}}