{"Training/1-step TD Error": 24.064584732055664, "Training/ClassificationLoss": 4.279903411865234, "Training/n-step TD Error": 258.85455322265625, "Training/Loss": 287.19903564453125, "Training/ExpertAgentAgreement": 0.0032626427710056305, "Training/ExpertQValues": 22.377504348754883, "Training/OtherQValues": 19.572362899780273, "Training/Actions": {"_type": "histogram", "values": [283, 38, 9, 4, 5, 2, 4, 0, 67, 37, 18, 0, 1, 23, 16, 13, 10, 1, 233, 8, 36, 28, 4, 15, 2, 3, 1, 6, 1, 2, 10, 17, 7, 21, 7, 32, 8, 2, 24, 5, 0, 8, 1, 0, 13, 2, 6, 3, 5, 12, 4, 7, 27, 19, 0, 3, 8, 13, 15, 38, 7, 10, 8, 14], "bins": [1.0, 16.578125, 32.15625, 47.734375, 63.3125, 78.890625, 94.46875, 110.046875, 125.625, 141.203125, 156.78125, 172.359375, 187.9375, 203.515625, 219.09375, 234.671875, 250.25, 265.828125, 281.40625, 296.984375, 312.5625, 328.140625, 343.71875, 359.296875, 374.875, 390.453125, 406.03125, 421.609375, 437.1875, 452.765625, 468.34375, 483.921875, 499.5, 515.078125, 530.65625, 546.234375, 561.8125, 577.390625, 592.96875, 608.546875, 624.125, 639.703125, 655.28125, 670.859375, 686.4375, 702.015625, 717.59375, 733.171875, 748.75, 764.328125, 779.90625, 795.484375, 811.0625, 826.640625, 842.21875, 857.796875, 873.375, 888.953125, 904.53125, 920.109375, 935.6875, 951.265625, 966.84375, 982.421875, 998.0]}, "_runtime": 894, "_timestamp": 1634632207, "_step": 1642}