{"Training/loss": 0.05034632235765457, "Training/recon_loss": 0.03912032023072243, "Training/latent_loss": 0.011226003989577293, "epoch": 0, "trainer/global_step": 12089, "_runtime": 805, "_timestamp": 1633621142, "_step": 1328, "Reconstruction": {"_type": "image-file", "path": "media/images/Reconstruction_1318_c7efc64bde383d3e4ff5.png", "sha256": "c7efc64bde383d3e4ff5ecb4b9d54fff05251781c114e8836ebc85418af04bd2", "size": 68923, "format": "png", "width": 134, "height": 398}, "_wandb": {"runtime": 807}}