{"Training/loss": 0.32198068499565125, "Training/recon_loss": 0.32198062539100647, "Training/latent_loss": 7.403750146295351e-08, "epoch": 0, "trainer/global_step": 49, "_runtime": 16, "_timestamp": 1633685188, "_step": 4}