{"Training/Episode Reward": 45.61111831665039, "_runtime": 9648, "_timestamp": 1634945641, "_step": 8567, "Training/Total Steps": 100000, "Training/one_step_loss": 0.17369297022879057, "Training/n_step_loss": 0.7094388391413432, "Training/classification_loss": 0.6861680150032043, "Training/percentage_expert_actions": 0.6699999570846558, "Training/Loss": 1.8592218925505384, "Training/Beta": 0.6001680000000001, "_wandb": {"runtime": 9652}}