{"Training/loss": 2649.291259765625, "Training/pov_loss": 2649.01513671875, "Training/vec_loss": 0.2760407328605652, "epoch": 9, "trainer/global_step": 1939, "_runtime": 1071, "_timestamp": 1633719557, "_step": 1968, "Predictions (raw | base reconstruction | one-step | n-step)": {"_type": "image-file", "path": "media/images/Predictions (raw | base reconstruction | one-step | n-step)_1968_5b7ecd9756d64afad0ff.png", "sha256": "5b7ecd9756d64afad0ffb8ac4f4a795488514fa87e39e38f2c8230d7f568c33e", "size": 164310, "format": "png", "width": 266, "height": 596}, "_wandb": {"runtime": 1073}}