{"Training/1-step TD Error": 1.065497875213623, "Training/ClassificationLoss": 0.768812358379364, "Training/n-step TD Error": 1.00448477268219, "Training/Loss": 2.8387951850891113, "Training/ExpertAgentAgreement": 0.6165191531181335, "Training/ExpertQValues": 4.6479411125183105, "Training/OtherQValues": 3.6556754112243652, "Training/Actions": {"_type": "histogram", "values": [400, 86, 30, 105, 0, 0, 3, 0, 0, 0, 0, 0, 12, 0, 0, 0, 0, 0, 0, 0, 0, 0, 0, 1, 0, 0, 0, 0, 0, 0, 0, 0, 14, 0, 0, 0, 0, 0, 0, 0, 3, 0, 0, 0, 0, 0, 0, 0, 0, 0, 0, 2, 0, 0, 0, 0, 0, 0, 0, 5, 0, 0, 0, 17], "bins": [1.0, 3.046875, 5.09375, 7.140625, 9.1875, 11.234375, 13.28125, 15.328125, 17.375, 19.421875, 21.46875, 23.515625, 25.5625, 27.609375, 29.65625, 31.703125, 33.75, 35.796875, 37.84375, 39.890625, 41.9375, 43.984375, 46.03125, 48.078125, 50.125, 52.171875, 54.21875, 56.265625, 58.3125, 60.359375, 62.40625, 64.453125, 66.5, 68.546875, 70.59375, 72.640625, 74.6875, 76.734375, 78.78125, 80.828125, 82.875, 84.921875, 86.96875, 89.015625, 91.0625, 93.109375, 95.15625, 97.203125, 99.25, 101.296875, 103.34375, 105.390625, 107.4375, 109.484375, 111.53125, 113.578125, 115.625, 117.671875, 119.71875, 121.765625, 123.8125, 125.859375, 127.90625, 129.953125, 132.0]}, "_runtime": 322, "_timestamp": 1634465618, "_step": 594}