{"Training/1-step TD Error": 18.16020393371582, "Training/ClassificationLoss": 0, "Training/n-step TD Error": 0, "Training/Loss": 18.16020393371582, "Training/ExpertAgentAgreement": 0.008952551521360874, "Training/ExpertQValues": 6.757569789886475, "Training/OtherQValues": 2.9422693252563477, "Training/Actions": {"_type": "histogram", "values": [1065, 14, 0, 10, 0, 0, 0, 0, 0, 0, 0, 0, 0, 0, 0, 0, 0, 0, 0, 0, 0, 0, 2, 0, 0, 0, 4, 3, 0, 0, 0, 0, 1, 0, 0, 0, 0, 0, 0, 0, 0, 0, 0, 0, 0, 0, 0, 0, 1, 1, 1, 0, 0, 0, 0, 0, 0, 0, 0, 13, 0, 0, 0, 2], "bins": [3.0, 5.21875, 7.4375, 9.65625, 11.875, 14.09375, 16.3125, 18.53125, 20.75, 22.96875, 25.1875, 27.40625, 29.625, 31.84375, 34.0625, 36.28125, 38.5, 40.71875, 42.9375, 45.15625, 47.375, 49.59375, 51.8125, 54.03125, 56.25, 58.46875, 60.6875, 62.90625, 65.125, 67.34375, 69.5625, 71.78125, 74.0, 76.21875, 78.4375, 80.65625, 82.875, 85.09375, 87.3125, 89.53125, 91.75, 93.96875, 96.1875, 98.40625, 100.625, 102.84375, 105.0625, 107.28125, 109.5, 111.71875, 113.9375, 116.15625, 118.375, 120.59375, 122.8125, 125.03125, 127.25, 129.46875, 131.6875, 133.90625, 136.125, 138.34375, 140.5625, 142.78125, 145.0]}, "_runtime": 166, "_timestamp": 1634052770, "_step": 245, "grad_2.0_norm_q_net.0.weight_step": 13.696100234985352, "grad_2.0_norm_q_net.0.bias_step": 1.4829000234603882, "grad_2.0_norm_q_net.2.weight_step": 5.169000148773193, "grad_2.0_norm_q_net.2.bias_step": 0.5559999942779541, "grad_2.0_norm_q_net.4.weight_step": 31.82900047302246, "grad_2.0_norm_q_net.4.bias_step": 0.9272000193595886, "grad_2.0_norm_target_net.q_net.0.weight_step": 186.0373992919922, "grad_2.0_norm_target_net.q_net.0.bias_step": 39.7234001159668, "grad_2.0_norm_target_net.q_net.2.weight_step": 194.41319274902344, "grad_2.0_norm_target_net.q_net.2.bias_step": 17.46139907836914, "grad_2.0_norm_target_net.q_net.4.weight_step": 986.7647094726562, "grad_2.0_norm_target_net.q_net.4.bias_step": 24.38170051574707, "grad_2.0_norm_total_step": 1024.6068115234375, "epoch": 57, "trainer/global_step": 173, "grad_2.0_norm_q_net.0.weight_epoch": 11.57699966430664, "grad_2.0_norm_q_net.0.bias_epoch": 1.9739000797271729, "grad_2.0_norm_q_net.2.weight_epoch": 5.7868499755859375, "grad_2.0_norm_q_net.2.bias_epoch": 0.685699999332428, "grad_2.0_norm_q_net.4.weight_epoch": 35.11534881591797, "grad_2.0_norm_q_net.4.bias_epoch": 0.9803500175476074, "grad_2.0_norm_target_net.q_net.0.weight_epoch": 166.13589477539062, "grad_2.0_norm_target_net.q_net.0.bias_epoch": 39.65135192871094, "grad_2.0_norm_target_net.q_net.2.weight_epoch": 173.4451904296875, "grad_2.0_norm_target_net.q_net.2.bias_epoch": 17.25225067138672, "grad_2.0_norm_target_net.q_net.4.weight_epoch": 884.3904418945312, "grad_2.0_norm_target_net.q_net.4.bias_epoch": 23.906949996948242, "grad_2.0_norm_total_epoch": 918.5675659179688}