{"Training/1-step TD Error": 9.171863555908203, "Training/ClassificationLoss": 1.3469551801681519, "Training/n-step TD Error": 84.7622299194336, "Training/Loss": 95.28105163574219, "Training/ExpertAgentAgreement": 0.003466204507276416, "Training/ExpertQValues": 1.2320051193237305, "Training/OtherQValues": 0.6986636519432068, "Training/Actions": {"_type": "histogram", "values": [13, 1063, 15, 0, 0, 0, 13, 0, 0, 0, 0, 0, 0, 0, 0, 0, 0, 0, 0, 4, 0, 0, 0, 7, 2, 0, 0, 0, 0, 0, 0, 0, 0, 3, 0, 0, 11, 0, 0, 0, 0, 0, 0, 0, 0, 0, 0, 0, 8, 0, 7, 0, 0, 6, 0, 0, 0, 0, 0, 0, 0, 0, 0, 2], "bins": [1.0, 3.25, 5.5, 7.75, 10.0, 12.25, 14.5, 16.75, 19.0, 21.25, 23.5, 25.75, 28.0, 30.25, 32.5, 34.75, 37.0, 39.25, 41.5, 43.75, 46.0, 48.25, 50.5, 52.75, 55.0, 57.25, 59.5, 61.75, 64.0, 66.25, 68.5, 70.75, 73.0, 75.25, 77.5, 79.75, 82.0, 84.25, 86.5, 88.75, 91.0, 93.25, 95.5, 97.75, 100.0, 102.25, 104.5, 106.75, 109.0, 111.25, 113.5, 115.75, 118.0, 120.25, 122.5, 124.75, 127.0, 129.25, 131.5, 133.75, 136.0, 138.25, 140.5, 142.75, 145.0]}, "_runtime": 149, "_timestamp": 1634040720, "_step": 140}