{"Training/loss": 0.07334726303815842, "Training/recon_loss": 0.0706150010228157, "Training/latent_loss": 1062.3065185546875, "epoch": 0, "trainer/global_step": 969, "_runtime": 70, "_timestamp": 1633624047, "_step": 105, "Reconstruction": {"_type": "image-file", "path": "media/images/Reconstruction_97_ebaceea8979bbcdccca9.png", "sha256": "ebaceea8979bbcdccca920b714a495f9fdf2f298142cccae83e7b0773b9f6c1c", "size": 77824, "format": "png", "width": 134, "height": 398}}