{"Training/Episode Reward": 37.724586486816406, "_runtime": 8565, "_timestamp": 1634926692, "_step": 7751, "Training/Total Steps": 100000, "Training/one_step_loss": 0.25869927927338465, "Training/n_step_loss": 0.771026845489074, "Training/classification_loss": 0.8075476288795471, "Training/percentage_expert_actions": 0.6800000071525574, "Training/Loss": 1.81270892212606, "Training/Beta": 0.6001520000000001, "_wandb": {"runtime": 8570}}