{"Training/loss": 0.03551070764660835, "Training/recon_loss": 0.03398536518216133, "Training/latent_loss": 0.0015253438614308834, "epoch": 0, "trainer/global_step": 7249, "_runtime": 903, "_timestamp": 1634556085, "_step": 796, "Reconstruction": {"_type": "image-file", "path": "media/images/Reconstruction_790_229d05aeb53aff666881.png", "sha256": "229d05aeb53aff6668812fe60948473eef7e35ccddf53ce3cacee3317f8034b9", "size": 68466, "format": "png", "width": 134, "height": 398}, "_wandb": {"runtime": 905}}