{"Training/1-step TD Error": 9.602360725402832, "Training/ClassificationLoss": 0.8821532726287842, "Training/n-step TD Error": 73.24505615234375, "Training/Loss": 83.72956848144531, "Training/ExpertAgentAgreement": 0.33901190757751465, "Training/ExpertQValues": 3.6732406616210938, "Training/OtherQValues": 2.522496461868286, "Training/Actions": {"_type": "histogram", "values": [4, 1161, 0, 0, 0, 0, 0, 0, 0, 0, 0, 0, 0, 0, 0, 0, 0, 0, 0, 0, 0, 0, 0, 0, 0, 0, 0, 0, 0, 1, 0, 0, 0, 0, 0, 0, 0, 0, 0, 0, 0, 0, 2, 0, 0, 0, 0, 0, 0, 0, 0, 0, 0, 0, 0, 0, 2, 0, 0, 0, 0, 0, 3, 1], "bins": [1.0, 2.921875, 4.84375, 6.765625, 8.6875, 10.609375, 12.53125, 14.453125, 16.375, 18.296875, 20.21875, 22.140625, 24.0625, 25.984375, 27.90625, 29.828125, 31.75, 33.671875, 35.59375, 37.515625, 39.4375, 41.359375, 43.28125, 45.203125, 47.125, 49.046875, 50.96875, 52.890625, 54.8125, 56.734375, 58.65625, 60.578125, 62.5, 64.421875, 66.34375, 68.265625, 70.1875, 72.109375, 74.03125, 75.953125, 77.875, 79.796875, 81.71875, 83.640625, 85.5625, 87.484375, 89.40625, 91.328125, 93.25, 95.171875, 97.09375, 99.015625, 100.9375, 102.859375, 104.78125, 106.703125, 108.625, 110.546875, 112.46875, 114.390625, 116.3125, 118.234375, 120.15625, 122.078125, 124.0]}, "_runtime": 304, "_timestamp": 1634463133, "_step": 572, "_wandb": {"runtime": 308}}