{"Training/1-step TD Error": 6.980175018310547, "Training/ClassificationLoss": 1.0218364000320435, "Training/n-step TD Error": 0, "Training/Loss": 8.0020112991333, "Training/ExpertAgentAgreement": 0.05903021618723869, "Training/ExpertQValues": 0.3946717083454132, "Training/OtherQValues": 0.024326788261532784, "Training/Actions": {"_type": "histogram", "values": [749, 65, 69, 184, 0, 13, 36, 12, 0, 0, 0, 0, 4, 0, 0, 0, 0, 6, 0, 0, 0, 9, 0, 1, 2, 0, 0, 0, 52, 24, 0, 0, 0, 0, 0, 26, 1, 0, 11, 6, 0, 9, 0, 0, 0, 9, 0, 1, 2, 1, 4, 0, 9, 0, 3, 0, 84, 7, 0, 0, 0, 5, 0, 19], "bins": [1.0, 3.3125, 5.625, 7.9375, 10.25, 12.5625, 14.875, 17.1875, 19.5, 21.8125, 24.125, 26.4375, 28.75, 31.0625, 33.375, 35.6875, 38.0, 40.3125, 42.625, 44.9375, 47.25, 49.5625, 51.875, 54.1875, 56.5, 58.8125, 61.125, 63.4375, 65.75, 68.0625, 70.375, 72.6875, 75.0, 77.3125, 79.625, 81.9375, 84.25, 86.5625, 88.875, 91.1875, 93.5, 95.8125, 98.125, 100.4375, 102.75, 105.0625, 107.375, 109.6875, 112.0, 114.3125, 116.625, 118.9375, 121.25, 123.5625, 125.875, 128.1875, 130.5, 132.8125, 135.125, 137.4375, 139.75, 142.0625, 144.375, 146.6875, 149.0]}, "_runtime": 288, "_timestamp": 1634042696, "_step": 283, "_wandb": {"runtime": 291}}