{"Training/Episode Reward": 15.990562438964844, "_runtime": 9129, "_timestamp": 1635061382, "_step": 8159, "Training/Total Steps": 100000, "Training/one_step_loss": 0.22188611125290642, "Training/n_step_loss": 0.9749528953809329, "Training/classification_loss": 0.6822906732559204, "Training/percentage_expert_actions": 0.7699999809265137, "Training/Loss": 1.7369059292967506, "Training/Beta": 1, "_wandb": {"runtime": 9134}}